,Unnamed: 0,C_Rate,NSOC,Temp,Voltage,Predicted_Voltage
0,0,0.1,0.8000000000000016,298.15,3.8417267141980536,3.6771052
1,1,0.1,0.7993965839479891,298.15398521596734,3.8401245889997284,3.6769078
2,2,0.1,0.7987931678959769,298.1580537299985,3.839416875383832,3.676718
3,3,0.1,0.7981897518439645,298.1621468879618,3.8388876313278417,3.676524
4,4,0.1,0.797586335791952,298.166249186287,3.8384165198800964,3.6763299
5,5,0.1,0.7969829197399396,298.17035618100437,3.8379668457826384,3.6761334
6,6,0.1,0.7963795036879274,298.17446656211706,3.837526376875833,3.6759408
7,7,0.1,0.795776087635915,298.1785800659838,3.837090359476551,3.6757505
8,8,0.1,0.7951726715839027,298.18269596820755,3.836656201338081,3.675557
9,9,0.1,0.7945692555318904,298.1868142526974,3.8362231878651696,3.6753585
10,10,0.1,0.7939658394798779,298.19093481831027,3.8357909749505374,3.6751707
11,11,0.1,0.7933624234278656,298.1950575455677,3.8353592993149137,3.6749694
12,12,0.1,0.7927590073758531,298.1991823253545,3.834927981780691,3.674782
13,13,0.1,0.7921555913238407,298.2033094691929,3.834496937469472,3.6745927
14,14,0.1,0.7915521752718282,298.20743812249236,3.8340660520393817,3.6743915
15,15,0.1,0.7909487592198157,298.2115683539409,3.8336353321245897,3.6742027
16,16,0.1,0.7903453431678032,298.2157001042124,3.833204776187316,3.6740072
17,17,0.1,0.7897419271157909,298.21983328019746,3.8327743858844037,3.6738126
18,18,0.1,0.7891385110637786,298.2239678734288,3.8323441787111037,3.6736166
19,19,0.1,0.7885350950117661,298.2281042125378,3.8319141610502223,3.6734293
20,20,0.1,0.7879316789597537,298.23224159206273,3.8314843291588665,3.6732318
21,21,0.1,0.7873282629077414,298.23637975439,3.8310546960580703,3.6730373
22,22,0.1,0.7867248468557293,298.2405188044926,3.830625279307701,3.6728418
23,23,0.1,0.7861214308037171,298.24465866246845,3.830196095399921,3.6726491
24,24,0.1,0.7855180147517045,298.24879927353817,3.8297671599569143,3.6724584
25,25,0.1,0.7849145986996923,298.25294086566964,3.829338490300517,3.6722686
26,26,0.1,0.7843111826476797,298.25708296693205,3.8289100995207215,3.6720712
27,27,0.1,0.7837077665956673,298.26122538541665,3.8284820037320073,3.6718786
28,28,0.1,0.783104350543655,298.2653680859967,3.828054219798417,3.6716812
29,29,0.1,0.7825009344916428,298.2695110747672,3.8276267646099287,3.6714904
30,30,0.1,0.7818975184396305,298.2736543089748,3.8271996546522846,3.6713006
31,31,0.1,0.7812941023876181,298.2777976887373,3.8267729066361977,3.6711013
32,32,0.1,0.7806906863356057,298.28194106913486,3.8263465353714197,3.6709144
33,33,0.1,0.7800872702835933,298.2860838176224,3.825920557210549,3.6707203
34,34,0.1,0.7794838542315808,298.2902263482252,3.8254949880352784,3.6705263
35,35,0.1,0.7788804381795684,298.29436887882804,3.825069843608991,3.6703317
36,36,0.1,0.7782770221275559,298.29851140943083,3.824645139572048,3.670139
37,37,0.1,0.7776736060755436,298.3026533911756,3.8242208911899547,3.6699474
38,38,0.1,0.7770701900235311,298.3067948706069,3.8237971136831823,3.6697576
39,39,0.1,0.7764667739715186,298.3109358120802,3.8233738221125444,3.6695588
40,40,0.1,0.7758633579195062,298.3150763602636,3.822951031435181,3.6693656
41,41,0.1,0.7752599418674944,298.3192162180746,3.8225287561715535,3.6691697
42,42,0.1,0.7746565258154828,298.3233554051063,3.822107010846004,3.6689756
43,43,0.1,0.7740531097634704,298.32749340081807,3.821685809493336,3.668783
44,44,0.1,0.773449693711458,298.33163017837995,3.8212651662068087,3.6685903
45,45,0.1,0.7728462776594456,298.3357662913396,3.8208450952400668,3.6684024
46,46,0.1,0.7722428616074326,298.3399015666738,3.8204256102459,3.6682055
47,47,0.1,0.771639445555418,298.34403565280985,3.820006724582983,3.6680105
48,48,0.1,0.7710360295034022,298.34816873537164,3.8195884517330567,3.667814
49,49,0.1,0.7704326134513897,298.3523002482375,3.8191708045510007,3.6676261
50,50,0.1,0.7698291973993767,298.3564303360336,3.818753796129005,3.6674297
51,51,0.1,0.7692257813473641,298.3605587091995,3.818337439105072,3.667238
52,52,0.1,0.7686223652953514,298.3646861166933,3.8179217465168263,3.6670434
53,53,0.1,0.7680189492433386,298.36881216091234,3.8175067305652797,3.6668527
54,54,0.1,0.7674155331913254,298.3729367590671,3.8170924034421407,3.666659
55,55,0.1,0.7668121171393131,298.37705938435613,3.816678776894243,3.666458
56,56,0.1,0.7662087010872991,298.38117995497987,3.8162658627623127,3.666269
57,57,0.1,0.7656052850352862,298.38529857765565,3.815853672781585,3.6660712
58,58,0.1,0.7650018689832735,298.3894159998847,3.815442218861036,3.6658819
59,59,0.1,0.7643984529312597,298.3935316628349,3.815031511993316,3.6656935
60,60,0.1,0.7637950368792449,298.3976455846608,3.814621563311719,3.6654918
61,61,0.1,0.7631916208272327,298.40175713926527,3.8142123833973565,3.6653001
62,62,0.1,0.7625882047752213,298.4058665296436,3.813803983142895,3.6651056
63,63,0.1,0.7619847887232092,298.40997417954105,3.8133963733542338,3.6649187
64,64,0.1,0.761381372671198,298.4140798155798,3.812989564272585,3.6647213
65,65,0.1,0.7607779566191865,298.41818338427373,3.8125835660858933,3.6645257
66,66,0.1,0.7601745405671746,298.42228478476846,3.812178388776663,3.6643322
67,67,0.1,0.7595711245151623,298.42638321300564,3.8117740417691297,3.6641428
68,68,0.1,0.7589677084631502,298.4304796907182,3.811370535310029,3.663946
69,69,0.1,0.7583642924111406,298.4345739418554,3.810967878752524,3.6637561
70,70,0.1,0.7577608763591305,298.4386658685766,3.810566081378624,3.6635597
71,71,0.1,0.75715746030712,298.44275536108705,3.8101651522910385,3.6633623
72,72,0.1,0.7565540442551089,298.44684235916685,3.8097651004482684,3.6631715
73,73,0.1,0.7559506282030963,298.4509258434325,3.8093659341176487,3.6629808
74,74,0.1,0.7553472121510839,298.45500698983494,3.80896766259584,3.6627815
75,75,0.1,0.7547437960990705,298.4590858603775,3.8085702943956576,3.662585
76,76,0.1,0.754140380047056,298.46316220388735,3.808173837693869,3.6623924
77,77,0.1,0.7535369639950417,298.4672358628629,3.8077783005568064,3.6622002
78,78,0.1,0.7529335479430281,298.4713068597858,3.807383690983727,3.6620023
79,79,0.1,0.7523301318910157,298.4753738950233,3.80699001609592,3.6618073
80,80,0.1,0.7517267158390032,298.479438239711,3.8065972842527036,3.6616142
81,81,0.1,0.7511232997869889,298.48350033355047,3.8062055031942768,3.6614192
82,82,0.1,0.750519883734969,298.4875595248364,3.8058146799045054,3.6612294
83,83,0.1,0.7499164676829473,298.49161605053763,3.805424821702108,3.6610367
84,84,0.1,0.749313051630932,298.495669652488,3.8050359354774086,3.6608412
85,85,0.1,0.7487096355789198,298.4997190479238,3.804648027415352,3.6606429
86,86,0.1,0.7481062195269073,298.50376562693236,3.8042611049991337,3.6604517
87,87,0.1,0.7475028034748961,298.50780968374664,3.803875174957743,3.660259
88,88,0.1,0.7468993874228876,298.5118507062684,3.803490243431142,3.6600616
89,89,0.1,0.7462959713708793,298.51588879606487,3.8031063167500188,3.6598632
90,90,0.1,0.745692555318869,298.5199237640007,3.8027234009378765,3.6596715
91,91,0.1,0.7450891392668567,298.5239544487451,3.802341501347737,3.659479
92,92,0.1,0.7444857232148443,298.52798234427536,3.8019606246303006,3.6592786
93,93,0.1,0.7438823071628319,298.5320072448693,3.8015807763613414,3.6590898
94,94,0.1,0.7432788911108192,298.5360290865216,3.801201962057143,3.6588953
95,95,0.1,0.7426754750588068,298.540047629277,3.8008241869987613,3.6586993
96,96,0.1,0.7420720590067945,298.54406292517183,3.8004474564871167,3.6585042
97,97,0.1,0.741468642954782,298.54807394852037,3.800071775106983,3.6583107
98,98,0.1,0.7408652269027696,298.55208210170406,3.7996971486163216,3.65812
99,99,0.1,0.7402618108507564,298.5560870634536,3.7993235817027182,3.657922
100,100,0.2,0.8000000000000016,298.15,3.8318592538351353,3.6700952
101,101,0.2,0.7987931678959767,298.1630712867997,3.82859714309912,3.669761
102,102,0.2,0.797586335791952,298.176486388502,3.827177144854768,3.6694305
103,103,0.2,0.7963795036879271,298.18999821572027,3.8261249749662314,3.6690958
104,104,0.2,0.7951726715839024,298.20354073060287,3.825191744838128,3.6687772
105,105,0.2,0.7939658394798775,298.2170950237916,3.8243025291015047,3.6684453
106,106,0.2,0.7927590073758528,298.2306552957621,3.8234320876870633,3.6681187
107,107,0.2,0.7915521752718281,298.2442191617538,3.8225703654992986,3.6677868
108,108,0.2,0.7903453431678032,298.25778498828134,3.821713086882253,3.667462
109,109,0.2,0.7891385110637783,298.2713519513387,3.8208588851837337,3.6671307
110,110,0.2,0.7879316789597532,298.2849192118616,3.820006904426549,3.6667993
111,111,0.2,0.7867248468557275,298.29848595273467,3.819156664415509,3.666474
112,112,0.2,0.7855180147517018,298.31205146682964,3.8183079728524834,3.6661484
113,113,0.2,0.7843111826476771,298.32561465267133,3.817460758885233,3.6658156
114,114,0.2,0.7831043505436517,298.3391752471828,3.816614959418287,3.665489
115,115,0.2,0.7818975184396264,298.35273239267985,3.8157706758357857,3.6651618
116,116,0.2,0.7806906863356012,298.3662854146771,3.8149280026810986,3.664831
117,117,0.2,0.7794838542315758,298.3798336027237,3.814087035445147,3.664501
118,118,0.2,0.7782770221275508,298.3933763943564,3.813247876914186,3.6641753
119,119,0.2,0.7770701900235262,298.40691141738085,3.812410638051873,3.6638467
120,120,0.2,0.7758633579195015,298.4204407318561,3.811575409050384,3.6635244
121,121,0.2,0.7746565258154766,298.43396317921065,3.810742301552162,3.6631892
122,122,0.2,0.7734496937114465,298.4474779531672,3.809911422771241,3.6628644
123,123,0.2,0.7722428616074143,298.4609846313112,3.809082879729316,3.6625335
124,124,0.2,0.7710360295033837,298.4744826977033,3.80825677604744,3.662205
125,125,0.2,0.7698291973993591,298.48797048628194,3.80743321173424,3.6618698
126,126,0.2,0.7686223652953332,298.5014492858227,3.8066122853869717,3.6615427
127,127,0.2,0.7674155331913077,298.51491800535365,3.8057940931527656,3.6612155
128,128,0.2,0.7662087010872828,298.52837605507585,3.804978728821856,3.6608846
129,129,0.2,0.7650018689832576,298.54182299669355,3.8041662834678753,3.6605546
130,130,0.2,0.7637950368792326,298.55525842842974,3.8033568453525786,3.6602256
131,131,0.2,0.7625882047752078,298.56868048987013,3.802550498497935,3.6598995
132,132,0.2,0.7613813726711871,298.58209120721307,3.801747327943832,3.6595685
133,133,0.2,0.7601745405671648,298.5954895488997,3.800947412901903,3.6592443
134,134,0.2,0.7589677084631412,298.608874753612,3.800150830054784,3.6589062
135,135,0.2,0.7577608763591167,298.6222465481753,3.7993576538842713,3.6585777
136,136,0.2,0.7565540442550919,298.63560462277934,3.7985679560594665,3.6582506
137,137,0.2,0.7553472121510673,298.648947276407,3.797781804043044,3.6579092
138,138,0.2,0.7541403800470428,298.6622766659102,3.7969992667707815,3.657583
139,139,0.2,0.7529335479430183,298.6755915317238,3.796220406816718,3.657253
140,140,0.2,0.7517267158389935,298.6888914700546,3.7954452851325566,3.6569245
141,141,0.2,0.7505198837349689,298.7021760071873,3.7946739600429855,3.6565897
142,142,0.2,0.7493130516309443,298.7154451932887,3.793906487917336,3.6562583
143,143,0.2,0.7481062195269194,298.72869725540403,3.7931429207077616,3.655927
144,144,0.2,0.7468993874228942,298.7419345413284,3.7923833123917947,3.6555974
145,145,0.2,0.7456925553188696,298.7551557189128,3.791627710549395,3.6552684
146,146,0.2,0.7444857232148446,298.76836040938593,3.7908761615102646,3.6549318
147,147,0.2,0.7432788911108197,298.78154851467843,3.7901287096122784,3.6546028
148,148,0.2,0.7420720590067946,298.79471984246777,3.789385396859768,3.6542685
149,149,0.2,0.7408652269027698,298.80787260347176,3.788646261365895,3.6539361
150,150,0.2,0.7396583947987452,298.8210095064456,3.787911343931044,3.6536014
151,151,0.2,0.73845156269472,298.83412922806315,3.7871806788767968,3.6532648
152,152,0.2,0.7372447305906963,298.8472313863248,3.7864542995366017,3.652932
153,153,0.2,0.7360378984866731,298.8603159590764,3.7857322376098685,3.652603
154,154,0.2,0.7348310663826499,298.8733827557889,3.7850145226675433,3.6522624
155,155,0.2,0.7336242342786252,298.88643008085074,3.7843011807693543,3.6519382
156,156,0.2,0.7324174021746009,298.89946071245555,3.7835922408808687,3.6516025
157,157,0.2,0.7312105700705784,298.91247331302594,3.782887725704767,3.6512654
158,158,0.2,0.7300037379665529,298.9254676256319,3.782187657362663,3.6509316
159,159,0.2,0.7287969058625269,298.93844362359323,3.7814920564740966,3.6505935
160,160,0.2,0.7275900737585006,298.95140118488104,3.780800941869971,3.6502535
161,161,0.2,0.7263832416544759,298.96433854075934,3.780114328992555,3.649926
162,162,0.2,0.7251764095504523,298.9772587069412,3.7794322367543622,3.6495922
163,163,0.2,0.7239695774464273,298.99016034149474,3.77875467782656,3.6492527
164,164,0.2,0.7227627453424015,299.0030432167185,3.778081664582991,3.6489165
165,165,0.2,0.7215559132383751,299.01590734857507,3.7774132081558265,3.648575
166,166,0.2,0.7203490811343493,299.02875263411175,3.7767493181137137,3.6482446
167,167,0.2,0.7191422490303241,299.04157730795714,3.776090000871229,3.6479127
168,168,0.2,0.7179354169262973,299.0543844923133,3.77543526663056,3.6475751
169,169,0.2,0.7167285848222716,299.06717286079896,3.774785119519087,3.6472385
170,170,0.2,0.7155217527182463,299.0799422339622,3.774139563624849,3.6469042
171,171,0.2,0.7143149206142213,299.0926926441405,3.773498601986692,3.6465576
172,172,0.2,0.7131080885101965,299.1054240233723,3.7728622363236366,3.6462271
173,173,0.2,0.7119012564061716,299.11813458581344,3.7722304653700487,3.645889
174,174,0.2,0.7106944243021477,299.13082757254836,3.7716032919847287,3.64555
175,175,0.2,0.7094875921981239,299.14350166908736,3.7709807130726385,3.645212
176,176,0.2,0.7082807600940999,299.15615672922814,3.7703627257236363,3.6448758
177,177,0.2,0.7070739279900757,299.168792796545,3.7697493261567065,3.6445305
178,178,0.2,0.7058670958860513,299.1814098345355,3.769140509492792,3.6441982
179,179,0.2,0.7046602637820264,299.19400484042353,3.768536266761098,3.6438525
180,180,0.2,0.703453431678008,299.2065829580848,3.7679365965830858,3.6435144
181,181,0.2,0.7022465995739878,299.2191426932319,3.7673414895919035,3.6431773
182,182,0.2,0.7010397674699653,299.2316836726784,3.7667509367557295,3.6428378
183,183,0.2,0.6998329353659418,299.24420576640205,3.766164928429951,3.6424978
184,184,0.2,0.6986261032619172,299.25670901540235,3.7655834542860256,3.6421583
185,185,0.2,0.6974192711578926,299.2691915218324,3.7650065011751592,3.6418254
186,186,0.2,0.6962124390538698,299.2816567607855,3.7644340607502715,3.6414735
187,187,0.2,0.6950056069498458,299.2941034795146,3.7638661189119023,3.6411326
188,188,0.2,0.6937987748458218,299.3065315527763,3.7633026620353633,3.6407964
189,189,0.2,0.6925919427417978,299.31894100314383,3.762743675918609,3.6404521
190,190,0.2,0.6913851106377731,299.33133186304815,3.762189145682044,3.6401193
191,191,0.2,0.6901782785337485,299.343700379448,3.761639051828674,3.6397703
192,192,0.2,0.6889714464297174,299.35605286503466,3.7610933847455983,3.6394308
193,193,0.2,0.6877646143256821,299.3683877930648,3.7605521258894683,3.639086
194,194,0.2,0.6865577822216522,299.3807046680595,3.7600152572493832,3.6387537
195,195,0.2,0.6853509501176249,299.3930033568853,3.759482760621801,3.6384046
196,196,0.2,0.6841441180135993,299.40528385837933,3.758954617369685,3.6380618
197,197,0.2,0.6829372859095746,299.4175443061256,3.758430806380372,3.6377118
198,198,0.2,0.6817304538055489,299.42978820925265,3.7579113115908016,3.6373804
199,199,0.2,0.6805236217015237,299.4420144098692,3.757396111531976,3.6370304
200,200,0.4,0.8000000000000016,298.15,3.81345747989574,3.656069
201,201,0.4,0.7975863357919518,298.1952776657131,3.8067922014773248,3.6556146
202,202,0.4,0.7951726715839023,298.2419702741808,3.8039601319894114,3.6551678
203,203,0.4,0.7927590073758531,298.28900658429023,3.8019081242951387,3.6547353
204,204,0.4,0.7903453431678036,298.33609763475584,3.8001073244778873,3.6542985
205,205,0.4,0.7879316789597539,298.38316075540376,3.7984004578693815,3.6538665
206,206,0.4,0.7855180147517044,298.430168899813,3.7967341819352263,3.6534312
207,207,0.4,0.7831043505436547,298.47711015718187,3.795089671098128,3.652993
208,208,0.4,0.7806906863356046,298.52397970537066,3.793459056601655,3.6525505
209,209,0.4,0.7782770221275548,298.5707718235443,3.7918397402198636,3.6521146
210,210,0.4,0.7758633579195049,298.61748205236506,3.7902306950248885,3.651676
211,211,0.4,0.7734496937114559,298.66410628632724,3.78863163090545,3.6512406
212,212,0.4,0.771036029503407,298.71064072071965,3.787042705923173,3.6507938
213,213,0.4,0.7686223652953572,298.7570799766741,3.785464586778965,3.6503465
214,214,0.4,0.766208701087307,298.8034246614075,3.7838978704131137,3.649906
215,215,0.4,0.7637950368792562,298.8496702653449,3.7823431304091035,3.6494606
216,216,0.4,0.7613813726712058,298.89581378654685,3.780800929780365,3.649017
217,217,0.4,0.7589677084631546,298.94185336963864,3.7792718358214037,3.648567
218,218,0.4,0.7565540442550985,298.987786780247,3.77775637591618,3.6481225
219,219,0.4,0.7541403800470494,299.0336094621628,3.77625504498349,3.6476676
220,220,0.4,0.7517267158389983,299.0793243647287,3.7747683178223137,3.6472208
221,221,0.4,0.7493130516309436,299.12492738735324,3.773296626081502,3.6467664
222,222,0.4,0.7468993874228885,299.1704171816645,3.7718403714839774,3.6463172
223,223,0.4,0.7444857232148355,299.2157922833612,3.7703999190558255,3.6458604
224,224,0.4,0.7420720590067852,299.26105228001427,3.7689756040768847,3.6454074
225,225,0.4,0.739658394798736,299.3061930952932,3.7675677181153633,3.6449468
226,226,0.4,0.7372447305906862,299.3512190413958,3.766176537666228,3.644489
227,227,0.4,0.7348310663826366,299.39612692373856,3.764802294230861,3.6440313
228,228,0.4,0.7324174021745868,299.44091626910813,3.7634451952993797,3.6435668
229,229,0.4,0.7300037379665372,299.4855866533484,3.7621054198445782,3.6431043
230,230,0.4,0.7275900737584873,299.5301377571627,3.760783119842104,3.6426466
231,231,0.4,0.7251764095504377,299.5745674817475,3.7594784179669203,3.6421793
232,232,0.4,0.7227627453423887,299.6188792626197,3.758191423120152,3.6417072
233,233,0.4,0.7203490811343405,299.6630714658796,3.7569222108712683,3.6412475
234,234,0.4,0.7179354169262911,299.70714432653807,3.755670838570509,3.6407745
235,235,0.4,0.7155217527182415,299.7510978194448,3.75443734189707,3.640303
236,236,0.4,0.7131080885101917,299.79493203005325,3.753221737089392,3.6398284
237,237,0.4,0.7106944243021414,299.8386437136358,3.752024015669204,3.6393592
238,238,0.4,0.7082807600940915,299.8822403892441,3.750844171871335,3.638882
239,239,0.4,0.7058670958860416,299.9257195052973,3.749682163745273,3.638406
240,240,0.4,0.7034534316779923,299.96908131010514,3.7485379393321945,3.6379383
241,241,0.4,0.7010397674699428,300.01232697207803,3.7474114339686704,3.6374538
242,242,0.4,0.6986261032618932,300.055456066162,3.746302565712825,3.6369717
243,243,0.4,0.6962124390538432,300.09846549834236,3.745211235183687,3.6364954
244,244,0.4,0.6937987748457931,300.14136378892766,3.744137352770185,3.6360137
245,245,0.4,0.6913851106377429,300.18414873718484,3.7430807967117823,3.6355302
246,246,0.4,0.6889714464296932,300.22682095773195,3.742041440261497,3.6350439
247,247,0.4,0.6865577822216462,300.26938100123465,3.7410191465816762,3.6345603
248,248,0.4,0.6841441180136048,300.31182965064977,3.740013770042336,3.6340702
249,249,0.4,0.6817304538055559,300.35416292834617,3.739025147719136,3.6335828
250,250,0.4,0.6793167895975086,300.396391061328,3.7380531348333794,3.6330912
251,251,0.4,0.6769031253894601,300.43851145205576,3.7370975547053615,3.6326072
252,252,0.4,0.6744894611814114,300.48052587747014,3.736158232215924,3.6321132
253,253,0.4,0.6720757969733623,300.5224335443661,3.7352349805132885,3.631615
254,254,0.4,0.6696621327653131,300.5642350998844,3.7343276095022615,3.6311243
255,255,0.4,0.6672484685572644,300.6059282217845,3.733435917978228,3.6306288
256,256,0.4,0.6648348043492167,300.64752205991465,3.732559720196836,3.6301296
257,257,0.4,0.6624211401411679,300.6890146508118,3.731698804232676,3.6296337
258,258,0.4,0.6600074759331193,300.7304087281025,3.730852962318406,3.6291335
259,259,0.4,0.6575938117250704,300.77170279646424,3.7300219738202314,3.6286304
260,260,0.4,0.6551801475170209,300.8128968558971,3.7292056163517766,3.6281278
261,261,0.4,0.6527664833089692,300.85398840134985,3.728403658855373,3.6276357
262,262,0.4,0.6503528191009182,300.8949873107377,3.7276158882884736,3.627124
263,263,0.4,0.6479391548928681,300.93589138772666,3.726842064299904,3.6266286
264,264,0.4,0.6455254906848175,300.97670370816223,3.7260819521054303,3.6261203
265,265,0.4,0.6431118264767672,301.0174227647962,3.7253353035102914,3.6256187
266,266,0.4,0.6406981622687175,301.05804855762864,3.7246018681270807,3.6251132
267,267,0.4,0.6382844980606668,301.0985784194407,3.7238813857203703,3.6245954
268,268,0.4,0.6358708338526158,301.13902214964315,3.723173612795778,3.624088
269,269,0.4,0.6334571696445656,301.1793774705826,3.722478276885639,3.6235797
270,270,0.4,0.6310435054365153,301.21964641280897,3.7217951068162485,3.6230667
271,271,0.4,0.6286298412284653,301.25982856043487,3.721123818895518,3.6225564
272,272,0.4,0.6262161770204155,301.2999236449574,3.720464120851275,3.6220434
273,273,0.4,0.6238025128123653,301.33992858080535,3.719815705666551,3.6215312
274,274,0.4,0.6213888486043146,301.3798528397853,3.7191782775579783,3.6210186
275,275,0.4,0.618975184396264,301.4196937684665,3.718551505184615,3.6205008
276,276,0.4,0.6165615201882138,301.45945216426253,3.717935049089076,3.6199796
277,277,0.4,0.6141478559801637,301.49912816089716,3.7173285514141168,3.6194665
278,278,0.4,0.6117341917721141,301.5387215362636,3.716731634035619,3.6189463
279,279,0.4,0.6093205275640644,301.57822822091686,3.716143889944728,3.6184347
280,280,0.4,0.6069068633560137,301.6176571687361,3.715564909875757,3.6179063
281,281,0.4,0.6044931991479637,301.6570046361055,3.7149942315548583,3.6173837
282,282,0.4,0.6020795349399155,301.69627003090005,3.7144313651216136,3.6168659
283,283,0.4,0.5996658707318685,301.7354530028303,3.7138757823523134,3.6163423
284,284,0.4,0.5972522065238208,301.77455354465803,3.713326911271862,3.615813
285,285,0.4,0.5948385423157714,301.8135653184837,3.712784118541864,3.6152928
286,286,0.4,0.5924248781077212,301.85249650284874,3.7122467391570932,3.614765
287,287,0.4,0.5900112138996682,301.89134110985754,3.711714016653404,3.6142375
288,288,0.4,0.5875975496916136,301.9300971702941,3.711185127864396,3.6137097
289,289,0.4,0.5851838854835598,301.96876226730166,3.7106591647210343,3.6131818
290,290,0.4,0.5827702212755094,302.0073342016866,3.7101351245281915,3.6126487
291,291,0.4,0.5803565570674574,302.04580431742187,3.7096118866448986,3.6121252
292,292,0.4,0.5779428928594037,302.0841775965631,3.70908823534,3.6115901
293,293,0.4,0.5755292286513506,302.12244517042666,3.7085627968757766,3.61106
294,294,0.4,0.5731155644432933,302.16060136506405,3.708034056499545,3.6105201
295,295,0.4,0.5707019002352349,302.1986401258617,3.707500337146325,3.609987
296,296,0.4,0.5682882360271787,302.23655468596576,3.706959784409772,3.609451
297,297,0.4,0.5658745718191234,302.2743308130742,3.706410341038629,3.6089084
298,298,0.4,0.5634609076110692,302.3119694322205,3.705849774464299,3.6083753
299,299,0.4,0.561047243403019,302.34945627791325,3.705275613325469,3.6078284
300,300,0.8,0.8000000000000016,298.15,3.7830204615922964,3.6280158
301,301,0.8,0.7951726715839023,298.3044224333606,3.7695932636107283,3.627813
302,302,0.8,0.7903453431678025,298.46430262772753,3.7641492629554336,3.62767
303,303,0.8,0.7855180147517031,298.62499999364496,3.7603771490546327,3.6275337
304,304,0.8,0.7806906863356041,298.78525555193266,3.7571496164354152,3.6273944
305,305,0.8,0.7758633579195032,298.94471773138577,3.7541360902820187,3.6272557
306,306,0.8,0.7710360295034043,299.1032809901682,3.7512302108414786,3.6270921
307,307,0.8,0.7662087010873053,299.26090530694165,3.748396224992112,3.626918
308,308,0.8,0.7613813726712062,299.41758035419036,3.745622567764487,3.6267374
309,309,0.8,0.7565540442551066,299.5732943277585,3.7429064547379984,3.6265552
310,310,0.8,0.7517267158390074,299.72804203433435,3.7402480440692014,3.6263473
311,311,0.8,0.7468993874229077,299.8818210700623,3.7376487436548453,3.6261365
312,312,0.8,0.7420720590068078,300.0346314162109,3.735110350975148,3.6259167
313,313,0.8,0.7372447305907099,300.1864702383465,3.7326345802661263,3.6256797
314,314,0.8,0.7324174021746112,300.3373517233207,3.730222988652253,3.6254432
315,315,0.8,0.7275900737585119,300.48727681928983,3.7278766667595855,3.6251857
316,316,0.8,0.7227627453424132,300.63625234373393,3.725596389290082,3.6249216
317,317,0.8,0.7179354169263145,300.7842872900568,3.7233826241854096,3.6246479
318,318,0.8,0.713108088510215,300.9313909136785,3.721235535163589,3.6243627
319,319,0.8,0.7082807600941166,301.0775680484103,3.719155017267562,3.6240652
320,320,0.8,0.7034534316780193,301.2228447367263,3.7171407795178597,3.6237562
321,321,0.8,0.6986261032619207,301.3672267749237,3.7151922459102567,3.6234443
322,322,0.8,0.693798774845819,301.51072626250146,3.7133086654321867,3.6231196
323,323,0.8,0.6889714464297041,301.6533564204948,3.7114891165272748,3.6227872
324,324,0.8,0.6841441180135878,301.79512973917036,3.7097325212178065,3.622443
325,325,0.8,0.6793167895974888,301.9360508046378,3.7080376453033637,3.6220815
326,326,0.8,0.6744894611813894,302.0761543862538,3.706403223008778,3.6217191
327,327,0.8,0.6696621327652894,302.21544773167165,3.704827798526839,3.6213472
328,328,0.8,0.6648348043491888,302.35394447550226,3.7033098423689683,3.6209686
329,329,0.8,0.6600074759330882,302.49165966265133,3.701847742164341,3.620579
330,330,0.8,0.6551801475169886,302.62860714810915,3.700439798841405,3.6201828
331,331,0.8,0.6503528191008903,302.76479145897383,3.6990842070203467,3.6197722
332,332,0.8,0.6455254906847914,302.90024881145285,3.6977791684099133,3.6193645
333,333,0.8,0.6406981622686925,303.03498381439016,3.69652269647697,3.6189382
334,334,0.8,0.6358708338525927,303.16900883640164,3.6953127244063166,3.6185129
335,335,0.8,0.6310435054364699,303.30233835068714,3.694147064204898,3.618076
336,336,0.8,0.6262161770203543,303.43497733153407,3.6930233364781584,3.6176288
337,337,0.8,0.6213888486042524,303.5669303768594,3.691938962295757,3.617171
338,338,0.8,0.6165615201881564,303.6982272438868,3.690891166074583,3.6167142
339,339,0.8,0.6117341917720718,303.8288664862833,3.6898767363746607,3.616244
340,340,0.8,0.6069068633559761,303.95885164101065,3.6888920304001775,3.6157753
341,341,0.8,0.6020795349398752,304.08818167276934,3.68793281026374,3.6152918
342,342,0.8,0.5972522065237698,304.2168565151628,3.686994071389973,3.614803
343,343,0.8,0.5924248781076723,304.34485999276944,3.6860697931993633,3.6143024
344,344,0.8,0.5875975496915745,304.47219374340614,3.6851527495751952,3.6138003
345,345,0.8,0.5827702212754775,304.59882440604997,3.6842340277060655,3.613294
346,346,0.8,0.5779428928593721,304.72471784367,3.6833027461722048,3.612768
347,347,0.8,0.5731155644432153,304.8498300988714,3.682345605659621,3.6122406
348,348,0.8,0.5682882360270496,304.9741017892268,3.681346457957265,3.6117017
349,349,0.8,0.563460907610951,305.09744576928205,3.680285940377139,3.611152
350,350,0.8,0.5586335791948405,305.2197840953717,3.6791414649494327,3.6105936
351,351,0.8,0.5538062507787362,305.34099405466037,3.6778873997890864,3.6100214
352,352,0.8,0.5489789223626317,305.4609693671018,3.6764962881331624,3.6094377
353,353,0.8,0.54415159394651,305.5795970246418,3.6749409080114255,3.6088312
354,354,0.8,0.5393242655304207,305.69677865238333,3.6731977760379086,3.608216
355,355,0.8,0.5344969371143167,305.8124475397389,3.671251967505768,3.6075895
356,356,0.8,0.5296696086982164,305.9266670817448,3.669102955255217,3.6069338
357,357,0.8,0.524842280282118,306.0395518268877,3.666769455620843,3.6062744
358,358,0.8,0.5200149518660198,306.1513403361467,3.6642922696336018,3.6055954
359,359,0.8,0.5151876234499222,306.26235438390586,3.661732504905247,3.6049101
360,360,0.8,0.510360295033812,306.3729821202251,3.659164797427621,3.6042254
361,361,0.8,0.5055329666176829,306.48366959397947,3.6566666646667474,3.6035402
362,362,0.8,0.5007056382015583,306.5947496281426,3.6543068228784015,3.6028469
363,363,0.8,0.4958783097854501,306.70646837972254,3.652136117921161,3.6021736
364,364,0.8,0.4910509813693537,306.8189960127476,3.6501836825931817,3.6015027
365,365,0.8,0.4862236529532589,306.93237248564594,3.648457604748696,3.6008422
366,366,0.8,0.4813963245371628,307.0465682140928,3.646949275639284,3.6001947
367,367,0.8,0.4765689961210705,307.1615212134123,3.645639057625452,3.5995533
368,368,0.8,0.471741667704981,307.27707047482096,3.64450141502083,3.5989215
369,369,0.8,0.4669143392889087,307.3931040031813,3.643509397446472,3.5982869
370,370,0.8,0.4620870108728189,307.5095059565731,3.6426372455830585,3.5976665
371,371,0.8,0.4572596824567212,307.62618491594714,3.6418619726334103,3.5970428
372,372,0.8,0.45243235404061,307.7430572906166,3.641163954156256,3.5964258
373,373,0.8,0.4476050256245137,307.8600512808117,3.640526998917593,3.595805
374,374,0.8,0.4427776972084191,307.97710473718496,3.6399381126830423,3.595187
375,375,0.8,0.437950368792325,308.0941911732378,3.6393871411322856,3.5945718
376,376,0.8,0.4331230403762324,308.2112864068319,3.6388662887024608,3.593949
377,377,0.8,0.42829571196013577,308.32838082500774,3.638369737587999,3.593335
378,378,0.8,0.4234683835440398,308.44546766866614,3.637893262187143,3.5927188
379,379,0.8,0.4186410551279404,308.56254402153587,3.637433895370501,3.5921028
380,380,0.8,0.4138137267118364,308.67962393101493,3.636989821088968,3.5914838
381,381,0.8,0.4089863982957325,308.7967193880416,3.6365599922283054,3.590861
382,382,0.8,0.4041590698796054,308.9138447184978,3.636144006916743,3.5902498
383,383,0.8,0.399331741463468,309.0310197061558,3.635741966795908,3.589628
384,384,0.8,0.3945044130473495,309.1482480229583,3.6353543383503713,3.589012
385,385,0.8,0.3896770846312502,309.2655693098502,3.6349818602866693,3.5883949
386,386,0.8,0.3848497562151733,309.3829904115491,3.634625391623747,3.5877807
387,387,0.8,0.3800224277991002,309.50054149215686,3.6342857985910384,3.5871747
388,388,0.8,0.3751950993830245,309.61824598942667,3.6339638265952163,3.5865595
389,389,0.8,0.37036777096694395,309.73612744922735,3.6336599573564254,3.5859535
390,390,0.8,0.3655404425508516,309.8542058144888,3.63337424795166,3.585345
391,391,0.8,0.3607131141347552,309.9725095316421,3.6331061911687152,3.5847461
392,392,0.8,0.3558857857186628,310.09103730088674,3.6328544655390553,3.5841415
393,393,0.8,0.3510584573025703,310.2098117881671,3.632616842835603,3.5835445
394,394,0.8,0.3462311288864736,310.3288429047673,3.6323899318232375,3.5829484
395,395,0.8,0.341403800470375,310.44813580879287,3.6321689865397646,3.582351
396,396,0.8,0.33657647205427554,310.56769229263404,3.63194770821408,3.581763
397,397,0.8,0.33174914363817376,310.68752098337916,3.631718067384625,3.5811713
398,398,0.8,0.32692181522207003,310.807593000292,3.6314700151469235,3.5805852
399,399,0.8,0.32209448680597463,310.9279063028734,3.631191416358309,3.5800083
400,400,1.0,0.8000000000000016,298.15,3.7704809812264073,3.613993
401,401,1.0,0.7939658394798775,298.3761465047246,3.753781442506797,3.614104
402,402,1.0,0.7879316789597538,298.610487170052,3.747162036106905,3.6143086
403,403,1.0,0.78189751843963,298.8456337609925,3.742681658461848,3.614516
404,404,1.0,0.775863357919506,299.07958483883573,3.7389058783779374,3.614713
405,405,1.0,0.7698291973993824,299.31179726955975,3.735416561378049,3.6148903
406,406,1.0,0.7637950368792591,299.54211966593414,3.7320799223825976,3.6150587
407,407,1.0,0.7577608763591354,299.7705109902289,3.728854268818552,3.6151874
408,408,1.0,0.7517267158390114,299.9969724058769,3.725726341600837,3.6153042
409,409,1.0,0.7456925553188871,300.2215051207715,3.7226933140444873,3.6153934
410,410,1.0,0.7396583947987624,300.44412087470994,3.7197553684624793,3.615462
411,411,1.0,0.7336242342786371,300.66483616923637,3.716914082841064,3.6155212
412,412,1.0,0.7275900737585117,300.8836711639474,3.714171102425429,3.6155431
413,413,1.0,0.721555913238388,301.100643675638,3.711527617030381,3.6155565
414,414,1.0,0.715521752718264,301.31579323217755,3.708984229000607,3.615547
415,415,1.0,0.7094875921981401,301.5291428742028,3.706540857836933,3.6155174
416,416,1.0,0.7034534316780148,301.740721042515,3.704196890915704,3.6154668
417,417,1.0,0.6974192711578876,301.9505588422028,3.7019512226111138,3.6153944
418,418,1.0,0.6913851106377619,302.158690236512,3.699802315152492,3.6153114
419,419,1.0,0.6853509501176391,302.36514254714433,3.6977482263486183,3.6152093
420,420,1.0,0.6793167895975143,302.56996903719613,3.695786768333895,3.6150815
421,421,1.0,0.673282629077386,302.77319595915316,3.6939153734628367,3.614938
422,422,1.0,0.6672484685572578,302.9748598424012,3.692131260062927,3.6147716
423,423,1.0,0.6612143080371329,303.17499201902166,3.690431400566268,3.6146
424,424,1.0,0.6551801475170086,303.37362592365713,3.6888125678869135,3.6144006
425,425,1.0,0.6491459869968834,303.5707876820447,3.6872713047661856,3.6142013
426,426,1.0,0.6431118264767568,303.766537077709,3.6858040320970353,3.6139696
427,427,1.0,0.6370776659566145,303.96089321240385,3.684406773759284,3.613732
428,428,1.0,0.6310435054364669,304.1538843626633,3.683075260813196,3.6134727
429,429,1.0,0.625009344916327,304.34553806603213,3.681804790792976,3.6132023
430,430,1.0,0.6189751843961968,304.5358750446013,3.6805900512534215,3.6129215
431,431,1.0,0.612941023876073,304.7249060584134,3.67942489912008,3.6126192
432,432,1.0,0.6069068633559491,304.91266867551116,3.678302149288988,3.6123092
433,433,1.0,0.6008727028358275,305.0991534937677,3.677212919273426,3.6119764
434,434,1.0,0.5948385423157047,305.28434712834917,3.6761461858993063,3.611634
435,435,1.0,0.5888043817955809,305.46823548530926,3.675088015354163,3.6112802
436,436,1.0,0.5827702212754793,305.6507707024365,3.674020527845214,3.6109092
437,437,1.0,0.5767360607553551,305.8318735943526,3.6729207151121086,3.610521
438,438,1.0,0.5707019002352348,306.0114557512441,3.6717592902584895,3.610119
439,439,1.0,0.5646677397150879,306.1893607014568,3.6704994567780553,3.6096904
440,440,1.0,0.5586335791948821,306.36541677212034,3.6690967815931086,3.6092498
441,441,1.0,0.5525994186747055,306.539408960452,3.6675005247320143,3.6087883
442,442,1.0,0.5465652581545732,306.711117516461,3.6656582086653753,3.6082904
443,443,1.0,0.5405310976344493,306.88034310022994,3.6635245694347076,3.6077774
444,444,1.0,0.5344969371143262,307.0470630201155,3.6610756591856615,3.6072276
445,445,1.0,0.5284627765941793,307.21140687905967,3.6583247788001976,3.606655
446,446,1.0,0.522428616073955,307.3737614819701,3.655334919268853,3.6060598
447,447,1.0,0.5163944555537996,307.5347287104569,3.6522183186577672,3.6054528
448,448,1.0,0.5103602950336716,307.69509813755246,3.6491185286803622,3.6048295
449,449,1.0,0.5043261345135313,307.8556461440517,3.6461787886857833,3.6042187
450,450,1.0,0.4982919739933785,308.0169428065433,3.6435106717660486,3.6036108
451,451,1.0,0.4922578134732484,308.1793185904884,3.6411762158442222,3.6030157
452,452,1.0,0.4862236529531282,308.3428432849866,3.6391880598591513,3.602434
453,453,1.0,0.4801894924330121,308.5074182168618,3.637522033798551,3.6018665
454,454,1.0,0.4741553319130194,308.67284912068163,3.636133503557576,3.6013048
455,455,1.0,0.4681211713928938,308.8389188163742,3.6349712130274994,3.6007526
456,456,1.0,0.4620870108727734,309.005348348727,3.633986068149732,3.6002023
457,457,1.0,0.4560528503526538,309.17197732425836,3.6331359325989134,3.599651
458,458,1.0,0.4500186898324962,309.3386784643434,3.6323868322873314,3.5991018
459,459,1.0,0.4439845293123203,309.50535355935034,3.631712596634801,3.5985525
460,460,1.0,0.4379503687922088,309.67192962174784,3.6310937959571765,3.5980117
461,461,1.0,0.4319162082720772,309.83834248460784,3.630516427774901,3.5974615
462,462,1.0,0.42588204775191785,310.0046170688811,3.6299711305470046,3.5969064
463,463,1.0,0.4198478872317549,310.1707525334664,3.6294516464624538,3.5963552
464,464,1.0,0.4138137267116119,310.3367728895293,3.6289543583794233,3.5957973
465,465,1.0,0.4077795661914816,310.5026923513824,3.6284775433005687,3.5952432
466,466,1.0,0.4017454056713544,310.66854428928235,3.6280209400848697,3.5946896
467,467,1.0,0.39571124515123257,310.8343529945261,3.6275852103449258,3.5941346
468,468,1.0,0.3896770846311085,311.00020143479856,3.627171897232168,3.5935762
469,469,1.0,0.383642924110995,311.1661089544586,3.626782676007848,3.5930192
470,470,1.0,0.3776087635908876,311.3321300686464,3.626419016944929,3.5924637
471,471,1.0,0.3715746030707729,311.4983053166922,3.6260819905017816,3.591914
472,472,1.0,0.3655404425506553,311.66468502147063,3.625771727738517,3.5913599
473,473,1.0,0.3595062820305313,311.83133763861713,3.6254869718138965,3.5908148
474,474,1.0,0.3534721215104012,311.998250633548,3.62522435373927,3.5902712
475,475,1.0,0.3474379609902529,312.16545926204566,3.6249780013315265,3.589731
476,476,1.0,0.3414038004701149,312.3329830197652,3.6247388940855263,3.5891879
477,477,1.0,0.3353696399499848,312.5008249671265,3.6244942282229378,3.588662
478,478,1.0,0.3293354794298584,312.66898012663705,3.624226831140733,3.5881255
479,479,1.0,0.32330131890973024,312.83746761523645,3.6239146351543554,3.5875971
480,480,1.0,0.31726715838957176,313.0062123793596,3.6235298320147935,3.587077
481,481,1.0,0.31123299786943004,313.175216410192,3.623038455181774,3.5865524
482,482,1.0,0.3051988373493109,313.3444846295672,3.6223993251229163,3.5860317
483,483,1.0,0.2991646768292029,313.5140450738021,3.621562621717479,3.5855186
484,484,1.0,0.2931305163090807,313.68394069449647,3.620467570547136,3.5850122
485,485,1.0,0.2870963557889567,313.8543431276752,3.6190390388925984,3.5845058
486,486,1.0,0.2810621952687837,314.0254353576783,3.617181522125656,3.5840104
487,487,1.0,0.27502803474855264,314.1976225642471,3.6147705952080735,3.5835226
488,488,1.0,0.2689938742282703,314.3714971442671,3.6116393445743267,3.5830562
489,489,1.0,0.2629597137080825,314.5478863292768,3.607558234216736,3.5826156
490,490,1.0,0.25692555318796034,314.7281014971078,3.60220611279978,3.582217
491,491,1.0,0.25089139266783594,314.91404889874804,3.5951276402611314,3.5818803
492,492,1.0,0.2448572321477072,315.1083919001756,3.5856725166864334,3.5816448
493,493,1.0,0.2388230716275816,315.31503382910086,3.5729106676706337,3.5815375
494,494,1.0,0.2327889111075888,315.5395046923377,3.555514526862124,3.5816286
495,495,1.0,0.22675475058840186,315.78947356220317,3.5316010466649965,3.5820072
496,496,1.0,0.22072059006889533,316.07579931118204,3.4985300481270767,3.5827844
497,497,1.0,0.21468642954877554,316.41347039438443,3.4526630038056934,3.5841315
498,498,1.0,0.208652269028628,316.8225190159692,3.389112838588947,3.5862653
499,499,1.0,0.2026181085083245,317.3290797499479,3.3015641040001924,3.589482
500,500,2.0,0.8000000000000016,298.15,3.7228502913308184,3.5438626
501,501,2.0,0.7879316789597535,298.85552773799697,3.691007446673062,3.54689
502,502,2.0,0.7758633579195067,299.586204065592,3.679872178025768,3.5501945
503,503,2.0,0.7637950368792604,300.3112030319297,3.6734352416918217,3.553436
504,504,2.0,0.7517267158390141,301.02252801426755,3.6686009667017587,3.556524
505,505,2.0,0.7396583947987623,301.7186096266189,3.664474396821184,3.55945
506,506,2.0,0.7275900737585129,302.3995742022545,3.660785745188112,3.5622022
507,507,2.0,0.7155217527182641,303.0659556874475,3.6574476442346535,3.5647933
508,508,2.0,0.7034534316780153,303.71839735525316,3.654427521400063,3.567229
509,509,2.0,0.6913851106377731,304.357503893241,3.6517069856786315,3.5695188
510,510,2.0,0.679316789597524,304.9838987273739,3.649269776933096,3.5716698
511,511,2.0,0.6672484685572759,305.5981749866611,3.64709821935812,3.5736873
512,512,2.0,0.6551801475170298,306.2008962329185,3.645171480816665,3.575576
513,513,2.0,0.6431118264767877,306.7925808133879,3.643464564399369,3.577338
514,514,2.0,0.6310435054365761,307.3737360847357,3.6419464015295313,3.5789917
515,515,2.0,0.6189751843963363,307.9447330009974,3.640575288782968,3.5805242
516,516,2.0,0.6069068633560789,308.50582426187685,3.6392910094448614,3.5819504
517,517,2.0,0.5948385423157411,309.0570830179482,3.6380001119719374,3.5832632
518,518,2.0,0.582770221275319,309.5982782107056,3.6365519667363286,3.5844781
519,519,2.0,0.5707019002350762,310.12866191101347,3.6347092030166177,3.5855653
520,520,2.0,0.5586335791948294,310.64697863603834,3.6321395090229305,3.5865161
521,521,2.0,0.5465652581545253,311.15212666298197,3.6285053134918366,3.587321
522,522,2.0,0.5344969371141314,311.64435705306886,3.623739302410234,3.5879915
523,523,2.0,0.5224286160738795,312.12720888444983,3.618365545794112,3.5885456
524,524,2.0,0.5103602950336319,312.6063218025602,3.613353225125087,3.589074
525,525,2.0,0.4982919739933546,313.0859729054837,3.609441666306032,3.589596
526,526,2.0,0.4862236529530711,313.56681029307214,3.6067490236007966,3.5901344
527,527,2.0,0.4741553319126709,314.04761494929636,3.6049923862043567,3.5906703
528,528,2.0,0.4620870108724012,314.5269341580969,3.6038256581548977,3.5911949
529,529,2.0,0.4500186898321782,315.0037219707199,3.6029911006715425,3.591686
530,530,2.0,0.4379503687919466,315.4775172610419,3.6023336931671417,3.5921495
531,531,2.0,0.4258820477516986,315.94825445469263,3.6017729573262613,3.592574
532,532,2.0,0.41381372671143024,316.416216553548,3.601275490151272,3.592965
533,533,2.0,0.4017454056711486,316.8817299781116,3.6008349960759185,3.5933378
534,534,2.0,0.3896770846308244,317.34523755117414,3.6004596743336497,3.5936825
535,535,2.0,0.37760876359050105,317.80719630747507,3.600161203981953,3.5940177
536,536,2.0,0.36554044255018536,318.26804036693795,3.599943316400462,3.5943325
537,537,2.0,0.35347212150993873,318.7281527653402,3.5997879542666222,3.5946376
538,538,2.0,0.3414038004696905,319.18784938641437,3.5996389789046335,3.5949457
539,539,2.0,0.3293354794294421,319.64719380159687,3.5993830322674887,3.5952494
540,540,2.0,0.3172671583891941,320.1061905796589,3.5988311849314982,3.5955389
541,541,2.0,0.30519883734894604,320.56488815619497,3.597695022041008,3.5958335
542,542,2.0,0.29313051630868764,321.0237489810585,3.59554403350595,3.5961301
543,543,2.0,0.2810621952685063,321.4843536674147,3.591705089178713,3.5964487
544,544,2.0,0.2689938742283077,321.95055545520626,3.585022294600021,3.5968173
545,545,2.0,0.2569255531880676,322.4312020483913,3.5733179485863618,3.5973632
546,546,2.0,0.2448572321478219,322.9444266716663,3.552247650338204,3.5982568
547,547,2.0,0.2327889111075812,323.52742160701195,3.5130163317187435,3.5999243
548,548,2.0,0.22072059006733766,324.25327236737917,3.4381975320037697,3.6031735
549,549,2.0,0.20865226902709127,325.25841701817774,3.2954646262747533,3.6095207
550,550,2.0,0.19927173119133093,326.37325778950094,3.1050006682841182,3.6181428
551,551,4.0,0.8000000000000016,298.15,3.6585244380565674,3.403608
552,552,4.0,0.7758633579195053,300.2418412899404,3.6019063757099343,3.4172003
553,553,4.0,0.7517267158390104,302.37886505187566,3.588983508835712,3.431286
554,554,4.0,0.7275900737585149,304.43008966052344,3.58648740304998,3.4444225
555,555,4.0,0.7034534316780201,306.37136104208355,3.5866941289597984,3.4563444
556,556,4.0,0.6793167895975272,308.2090805761439,3.587576869722134,3.467117
557,557,4.0,0.6551801475170319,309.95464467400376,3.5886466412912594,3.4768765
558,558,4.0,0.6310435054365411,311.61815558594884,3.589688544371952,3.4857204
559,559,4.0,0.6069068633560425,313.20652278292914,3.590293313741829,3.493737
560,560,4.0,0.5827702212758017,314.7217014498255,3.5894188032983325,3.500941
561,561,4.0,0.558633579195362,316.16079910079515,3.5852401372640084,3.5072992
562,562,4.0,0.5344969371146743,317.53294575007686,3.577850760019123,3.5129187
563,563,4.0,0.5103602950343462,318.8720770675834,3.5719311074564266,3.518175
564,564,4.0,0.486223652953855,320.1941855633861,3.569691392845003,3.5232408
565,565,4.0,0.4620870108734582,321.49301002328457,3.5694329269467757,3.528053
566,566,4.0,0.4379503687929848,322.7647143775862,3.5697539504767137,3.5325606
567,567,4.0,0.4138137267124948,324.0110502093418,3.570188787907972,3.5367854
568,568,4.0,0.38967708463198497,325.23625320246066,3.570711720804748,3.5407808
569,569,4.0,0.36554044255148144,326.4451271134152,3.5713848192421818,3.5445926
570,570,4.0,0.3414038004709865,327.6418031481836,3.5720095925403785,3.548271
571,571,4.0,0.31726715839059344,328.82853659325093,3.5716241999858265,3.5518382
572,572,4.0,0.293130516310183,330.0087445648963,3.567686588784936,3.5553377
573,573,4.0,0.2689938742297439,331.20339360707004,3.5533739567122105,3.5589893
574,574,4.0,0.2448572321496949,332.5114172435393,3.5048578082117783,3.563907
575,575,4.0,0.22072059006968184,334.32827121696937,3.3302491873431515,3.5744464
576,576,4.0,0.2080979682451272,335.84998851341714,3.1050061042659847,3.586292
577,577,6.0,0.8000000000000016,298.15,3.6090568349795857,3.2633545
578,578,6.0,0.7637950368792572,302.0517508974432,3.53413015589719,3.292198
579,579,6.0,0.7275900737585141,305.94556835376136,3.529251468641429,3.3209422
580,580,6.0,0.6913851106377699,309.51520172416457,3.5386337637238743,3.3461034
581,581,6.0,0.6551801475170259,312.7542288271464,3.5479927670814595,3.3676064
582,582,6.0,0.6189751843962819,315.71835578335254,3.554646680722404,3.3860657
583,583,6.0,0.5827702212755376,318.4423070977188,3.5561075386205694,3.4018695
584,584,6.0,0.5465652581547877,320.95402743256034,3.550184215964676,3.4153163
585,585,6.0,0.5103602950341188,323.34492916750304,3.5459844743142765,3.4274328
586,586,6.0,0.4741553319133639,325.6551809693828,3.547080442089201,3.4386537
587,587,6.0,0.43795036879255694,327.8774910951765,3.549407876640553,3.4489057
588,588,6.0,0.4017454056717813,330.02216383599136,3.5516140950638015,3.4582884
589,589,6.0,0.36554044255067786,332.10816556538816,3.5537994916676277,3.467024
590,590,6.0,0.32933547942988484,334.1522166215579,3.555159454670662,3.4752982
591,591,6.0,0.293130516309054,336.1698793140538,3.54973287365175,3.4832838
592,592,6.0,0.2569255531884186,338.27194599109384,3.5068246822015645,3.4922044
593,593,6.0,0.2207205900679176,341.3773288187328,3.215423575173726,3.5122173
594,594,6.0,0.21525729544116046,342.1366051591395,3.1050043635680886,3.51846
595,595,8.0,0.8000000000000016,298.15,3.566402727713907,3.1231
596,596,8.0,0.751726715839009,304.206614806253,3.4782161258390762,3.1710083
597,597,8.0,0.7034534316780168,310.0605374524314,3.491189974448316,3.216667
598,598,8.0,0.6551801475170234,315.1255472448635,3.5148508961143765,3.2536037
599,599,8.0,0.6069068633560311,319.52599544670363,3.5284195605509234,3.2831767
600,600,8.0,0.558633579195039,323.4116014062969,3.5279408037104933,3.3070533
601,601,8.0,0.5103602950340491,326.9936591005084,3.5272758600462097,3.3275611
602,602,8.0,0.4620870108730569,330.37238628820995,3.532188111715264,3.3458307
603,603,8.0,0.4138137267120607,333.56384715507266,3.5369833519579603,3.3620207
604,604,8.0,0.36554044255107226,336.6156254359705,3.5411400818878422,3.3766649
605,605,8.0,0.3172671583900675,339.5750178305791,3.5422810593864145,3.39029
606,606,8.0,0.2689938742291727,342.5487669282619,3.510128544369381,3.4040697
607,607,8.0,0.2215051728122643,346.9802639613008,3.1050296576818632,3.4343054
608,608,10.0,0.8000000000000016,298.15,3.527891668714232,2.982846
609,609,10.0,0.7396583947987608,306.67725658594037,3.429352478138485,3.0533211
610,610,10.0,0.6793167895975217,314.5674366417484,3.4702502470334067,3.1167414
611,611,10.0,0.6189751843962777,320.95182739737805,3.502478146787828,3.1634886
612,612,10.0,0.5586335791950361,326.3017579930552,3.5088240398554,3.198786
613,613,10.0,0.4982919739937864,331.103312409343,3.5147112961809963,3.2280233
614,614,10.0,0.4379503687925361,335.5257856007727,3.523391100992906,3.2530515
615,615,10.0,0.3776087635913099,339.655741073035,3.5302086638289416,3.274852
616,616,10.0,0.3172671583901225,343.60307378277537,3.532403857052672,3.294625
617,617,10.0,0.2569255531889368,347.71246175951933,3.4471195670092256,3.3161933
618,618,10.0,0.2271298796606917,351.0005436079908,3.1050192507143612,3.3407767
