,C_Rate,NSOC,Temp,Voltage,OCV
0,0.1,0.8000000000000016,298.15,3.8417267141980536,3.8518235799803935
1,0.1,0.7993965839479891,298.1539852159673,3.840124588999729,3.8507778009983635
2,0.1,0.7987931678959769,298.15805372999847,3.8394168753838316,3.850215763690349
3,0.1,0.7981897518439645,298.1621468879618,3.838887631327842,3.8497245817434154
4,0.1,0.797586335791952,298.166249186287,3.838416519880096,3.849262428002341
5,0.1,0.7969829197399396,298.17035618100437,3.8379668457826384,3.8488140678121416
6,0.1,0.7963795036879274,298.17446656211706,3.837526376875833,3.84837277811026
7,0.1,0.795776087635915,298.17858006598385,3.8370903594765506,3.847935367155786
8,0.1,0.7951726715839027,298.18269596820755,3.8366562013380805,3.8474997460818523
9,0.1,0.7945692555318904,298.1868142526974,3.8362231878651696,3.8470652570307755
10,0.1,0.7939658394798779,298.19093481831027,3.8357909749505383,3.846631570734181
11,0.1,0.7933624234278656,298.1950575455677,3.835359299314914,3.846198431494973
12,0.1,0.7927590073758531,298.1991823253545,3.834927981780691,3.845765663190368
13,0.1,0.7921555913238407,298.2033094691929,3.8344969374694724,3.845333181309332
14,0.1,0.7915521752718282,298.20743812249236,3.834066052039382,3.844900867861692
15,0.1,0.7909487592198157,298.2115683539409,3.83363533212459,3.8444687291370165
16,0.1,0.7903453431678032,298.2157001042124,3.833204776187316,3.8440367631579266
17,0.1,0.7897419271157909,298.21983328019746,3.832774385884404,3.8436049712467177
18,0.1,0.7891385110637786,298.22396787342876,3.832344178711104,3.8431733708799993
19,0.1,0.7885350950117661,298.22810421253786,3.8319141610502223,3.842741967990811
20,0.1,0.7879316789597537,298.23224159206273,3.831484329158866,3.842310758713425
21,0.1,0.7873282629077414,298.23637975439,3.8310546960580703,3.8418797560783347
22,0.1,0.7867248468557293,298.2405188044926,3.8306252793077014,3.8414489775748004
23,0.1,0.7861214308037171,298.24465866246845,3.8301960953999212,3.841018439690706
24,0.1,0.7855180147517045,298.2487992735382,3.8297671599569147,3.8405881580192416
25,0.1,0.7849145986996923,298.2529408656696,3.8293384903005165,3.840158149748142
26,0.1,0.7843111826476797,298.25708296693205,3.828910099520722,3.8397284281022657
27,0.1,0.7837077665956673,298.2612253854167,3.8284820037320073,3.8392990092468566
28,0.1,0.783104350543655,298.26536808599667,3.828054219798417,3.838869910060763
29,0.1,0.7825009344916428,298.2695110747672,3.8276267646099287,3.8384411474133984
30,0.1,0.7818975184396305,298.27365430897476,3.8271996546522846,3.8380127377945388
31,0.1,0.7812941023876181,298.2777976887373,3.8267729066361977,3.8375846979937287
32,0.1,0.7806906863356057,298.28194106913486,3.82634653537142,3.837157042779836
33,0.1,0.7800872702835933,298.2860838176224,3.8259205572105484,3.836729788915677
34,0.1,0.7794838542315808,298.2902263482252,3.825494988035278,3.836302951990583
35,0.1,0.7788804381795684,298.294368878828,3.8250698436089907,3.8358765476078553
36,0.1,0.7782770221275559,298.2985114094308,3.8246451395720484,3.835450591394478
37,0.1,0.7776736060755436,298.3026533911756,3.824220891189955,3.835025098966611
38,0.1,0.7770701900235311,298.3067948706069,3.8237971136831823,3.8346000854725086
39,0.1,0.7764667739715186,298.3109358120802,3.823373822112544,3.834175565981404
40,0.1,0.7758633579195062,298.31507636026356,3.8229510314351813,3.833751555350039
41,0.1,0.7752599418674944,298.31921621807464,3.8225287561715535,3.833328068254528
42,0.1,0.7746565258154828,298.3233554051063,3.8221070108460036,3.8329051191957504
43,0.1,0.7740531097634704,298.32749340081807,3.8216858094933355,3.8324827224807176
44,0.1,0.773449693711458,298.33163017837995,3.8212651662068087,3.832060892197779
45,0.1,0.7728462776594456,298.3357662913396,3.820845095240066,3.831639642276627
46,0.1,0.7722428616074326,298.33990156667386,3.8204256102459,3.8312189864557817
47,0.1,0.771639445555418,298.34403565280985,3.8200067245829827,3.8307989382802097
48,0.1,0.7710360295034022,298.3481687353716,3.8195884517330567,3.8303795111158943
49,0.1,0.7704326134513897,298.3523002482375,3.8191708045510007,3.8299607181248736
50,0.1,0.7698291973993767,298.3564303360336,3.8187537961290046,3.8295425722922736
51,0.1,0.769225781347364,298.3605587091995,3.818337439105072,3.8291250864063966
52,0.1,0.7686223652953514,298.3646861166933,3.8179217465168267,3.828708273079884
53,0.1,0.7680189492433386,298.36881216091234,3.81750673056528,3.8282921447238563
54,0.1,0.7674155331913254,298.37293675906704,3.817092403442141,3.827876713565594
55,0.1,0.7668121171393131,298.3770593843561,3.816678776894243,3.8274619916378527
56,0.1,0.7662087010872991,298.38117995497987,3.816265862762313,3.8270479907995947
57,0.1,0.7656052850352862,298.38529857765565,3.815853672781585,3.8266347227186173
58,0.1,0.7650018689832735,298.3894159998847,3.8154422188610355,3.8262221988846847
59,0.1,0.7643984529312597,298.39353166283496,3.8150315119933156,3.8258104305890264
60,0.1,0.7637950368792449,298.39764558466084,3.814621563311719,3.8253994289455147
61,0.1,0.7631916208272327,298.40175713926527,3.814212383397356,3.824989204875995
62,0.1,0.7625882047752213,298.40586652964356,3.8138039831428947,3.8245797691369647
63,0.1,0.7619847887232092,298.40997417954105,3.8133963733542338,3.824171132297396
64,0.1,0.761381372671198,298.41407981557984,3.812989564272585,3.8237633047409116
65,0.1,0.7607779566191865,298.41818338427373,3.812583566085894,3.823356296674918
66,0.1,0.7601745405671746,298.4222847847685,3.812178388776663,3.822950118127892
67,0.1,0.7595711245151623,298.4263832130056,3.8117740417691297,3.8225447789472207
68,0.1,0.7589677084631502,298.4304796907182,3.811370535310029,3.822140288816395
69,0.1,0.7583642924111406,298.4345739418554,3.8109678787525243,3.821736657233097
70,0.1,0.7577608763591305,298.43866586857666,3.8105660813786244,3.8213338935238315
71,0.1,0.75715746030712,298.44275536108705,3.810165152291039,3.8209320068422556
72,0.1,0.7565540442551089,298.4468423591669,3.809765100448269,3.820531006170921
73,0.1,0.7559506282030963,298.45092584343246,3.8093659341176487,3.8201309003167463
74,0.1,0.7553472121510839,298.45500698983494,3.80896766259584,3.819731697931527
75,0.1,0.7547437960990705,298.4590858603775,3.8085702943956576,3.8193334074903187
76,0.1,0.754140380047056,298.4631622038873,3.8081738376938685,3.818936037300075
77,0.1,0.7535369639950417,298.4672358628629,3.807778300556806,3.818539595504304
78,0.1,0.7529335479430281,298.47130685978584,3.807383690983727,3.8181440900832864
79,0.1,0.7523301318910157,298.4753738950233,3.8069900160959196,3.8177495288482177
80,0.1,0.7517267158390032,298.479438239711,3.806597284252704,3.817355919463888
81,0.1,0.7511232997869889,298.48350033355047,3.806205503194277,3.8169632694289333
82,0.1,0.750519883734969,298.48755952483634,3.8058146799045063,3.816571586076229
83,0.1,0.7499164676829473,298.4916160505376,3.8054248217021076,3.816180876588883
84,0.1,0.749313051630932,298.495669652488,3.805035935477409,3.8157911479908053
85,0.1,0.7487096355789198,298.49971904792386,3.8046480274153516,3.815402407147354
86,0.1,0.7481062195269073,298.50376562693236,3.804261104999134,3.815014660785087
87,0.1,0.7475028034748961,298.50780968374664,3.803875174957743,3.8146279154715317
88,0.1,0.7468993874228876,298.5118507062684,3.803490243431142,3.814242177619574
89,0.1,0.7462959713708793,298.5158887960649,3.803106316750019,3.8138574534983904
90,0.1,0.745692555318869,298.5199237640007,3.802723400937877,3.813473749227921
91,0.1,0.7450891392668567,298.52395444874503,3.8023415013477373,3.8130910707781593
92,0.1,0.7444857232148443,298.5279823442754,3.8019606246303006,3.812709423988256
93,0.1,0.7438823071628319,298.5320072448693,3.801580776361341,3.8123288145436907
94,0.1,0.7432788911108192,298.53602908652164,3.8012019620571427,3.811949247990511
95,0.1,0.7426754750588068,298.540047629277,3.800824186998761,3.8115707297340724
96,0.1,0.7420720590067945,298.5440629251718,3.8004474564871167,3.811193265042486
97,0.1,0.741468642954782,298.5480739485204,3.800071775106983,3.8108168590428164
98,0.1,0.7408652269027696,298.55208210170406,3.799697148616322,3.810441516736314
99,0.1,0.7402618108507564,298.55608706345356,3.7993235817027182,3.810067242981394
100,0.2,0.8000000000000016,298.15,3.8318592538351353,3.8518235799803935
101,0.2,0.7987931678959767,298.16307128679966,3.8285971430991204,3.8497311196842574
102,0.2,0.797586335791952,298.176486388502,3.8271771448547676,3.848610862346764
103,0.2,0.7963795036879271,298.18999821572027,3.8261249749662305,3.8476304983816174
104,0.2,0.7951726715839024,298.2035407306029,3.8251917448381274,3.846707914088884
105,0.2,0.7939658394798775,298.2170950237916,3.8243025291015047,3.845813258651753
106,0.2,0.7927590073758528,298.2306552957621,3.823432087687063,3.844932973756936
107,0.2,0.7915521752718281,298.2442191617538,3.822570365499298,3.844060504689891
108,0.2,0.7903453431678032,298.25778498828134,3.821713086882253,3.8431922459943952
109,0.2,0.7891385110637783,298.2713519513387,3.8208588851837337,3.8423270334378015
110,0.2,0.7879316789597532,298.2849192118616,3.820006904426549,3.8414640978105647
111,0.2,0.7867248468557275,298.29848595273467,3.8191566644155084,3.8406029884738606
112,0.2,0.7855180147517018,298.3120514668296,3.8183079728524834,3.839743516590102
113,0.2,0.784311182647677,298.3256146526714,3.8174607588852325,3.8388856104069977
114,0.2,0.7831043505436517,298.33917524718277,3.8166149594182865,3.8380291964990296
115,0.2,0.7818975184396264,298.3527323926799,3.815770675835786,3.837174375109957
116,0.2,0.7806906863356012,298.3662854146771,3.814928002681099,3.836321239394209
117,0.2,0.779483854231576,298.3798336027237,3.814087035445147,3.8354698837706698
118,0.2,0.778277022127551,298.3933763943564,3.8132478769141867,3.8346204103237023
119,0.2,0.7770701900235262,298.40691141738085,3.812410638051873,3.8337729319794245
120,0.2,0.7758633579195015,298.4204407318561,3.8115754090503837,3.832927534702901
121,0.2,0.7746565258154766,298.4339631792106,3.8107423015521626,3.832084331094723
122,0.2,0.7734496937114465,298.44747795316715,3.809911422771241,3.8312434287345263
123,0.2,0.7722428616074143,298.46098463131113,3.809082879729316,3.8304049347093723
124,0.2,0.7710360295033837,298.4744826977033,3.8082567760474397,3.829568952793088
125,0.2,0.769829197399359,298.48797048628194,3.8074332117342395,3.8287355844032285
126,0.2,0.7686223652953332,298.5014492858227,3.806612285386972,3.8279049262587033
127,0.2,0.7674155331913077,298.51491800535365,3.8057940931527656,3.827077075443393
128,0.2,0.7662087010872828,298.5283760550759,3.8049787288218564,3.8262521261127778
129,0.2,0.7650018689832576,298.54182299669355,3.804166283467875,3.8254301695466726
130,0.2,0.7637950368792326,298.55525842842974,3.803356845352579,3.8246112941866275
131,0.2,0.7625882047752078,298.5686804898701,3.8025504984979346,3.8237955858038126
132,0.2,0.7613813726711871,298.58209120721307,3.8017473279438314,3.822983127015485
133,0.2,0.7601745405671648,298.5954895488997,3.8009474129019027,3.8221739979679126
134,0.2,0.7589677084631412,298.608874753612,3.800150830054784,3.821368275944639
135,0.2,0.7577608763591167,298.6222465481753,3.7993576538842713,3.8205660355225253
136,0.2,0.7565540442550919,298.6356046227793,3.798567956059466,3.8197673485064088
137,0.2,0.7553472121510673,298.648947276407,3.7977818040430438,3.8189722839634452
138,0.2,0.7541403800470428,298.66227666591016,3.7969992667707815,3.818180908352955
139,0.2,0.7529335479430183,298.67559153172385,3.796220406816718,3.8173932854420696
140,0.2,0.7517267158389935,298.6888914700546,3.795445285132557,3.8166094764386562
141,0.2,0.7505198837349689,298.7021760071873,3.7946739600429864,3.8158295399906503
142,0.2,0.7493130516309443,298.7154451932887,3.793906487917336,3.8150535322708303
143,0.2,0.7481062195269194,298.728697255404,3.793142920707762,3.8142815069229967
144,0.2,0.7468993874228942,298.74193454132836,3.792383312391795,3.8135135152988404
145,0.2,0.7456925553188696,298.7551557189128,3.791627710549395,3.812749606263451
146,0.2,0.7444857232148446,298.76836040938593,3.7908761615102646,3.8119898263952057
147,0.2,0.7432788911108197,298.78154851467843,3.7901287096122784,3.8112342200015394
148,0.2,0.7420720590067946,298.79471984246777,3.789385396859768,3.81048282915505
149,0.2,0.7408652269027698,298.80787260347176,3.7886462613658947,3.8097356936993196
150,0.2,0.7396583947987452,298.82100950644553,3.787911343931044,3.808992851469676
151,0.2,0.73845156269472,298.8341292280631,3.7871806788767968,3.8082543380829885
152,0.2,0.7372447305906963,298.8472313863248,3.7864542995366017,3.807520187146895
153,0.2,0.7360378984866731,298.8603159590764,3.785732237609869,3.8067904302763713
154,0.2,0.7348310663826499,298.8733827557889,3.7850145226675433,3.8060650971289602
155,0.2,0.7336242342786252,298.88643008085074,3.7843011807693547,3.8053442154139594
156,0.2,0.732417402174601,298.89946071245555,3.7835922408808687,3.804627811097756
157,0.2,0.7312105700705784,298.91247331302594,3.7828877257047666,3.803915908207232
158,0.2,0.730003737966553,298.9254676256319,3.782187657362663,3.8032085290308406
159,0.2,0.7287969058625269,298.93844362359323,3.7814920564740966,3.802505694128824
160,0.2,0.7275900737585006,298.95140118488104,3.780800941869971,3.8018074223708345
161,0.2,0.726383241654476,298.9643385407593,3.780114328992555,3.8011137309399516
162,0.2,0.7251764095504523,298.97725870694114,3.7794322367543627,3.8004246355357614
163,0.2,0.7239695774464273,298.99016034149474,3.7787546778265595,3.799740150175648
164,0.2,0.7227627453424015,299.00304321671854,3.778081664582991,3.7990602873903057
165,0.2,0.7215559132383751,299.01590734857507,3.7774132081558265,3.798385058231303
166,0.2,0.7203490811343493,299.02875263411175,3.776749318113714,3.7977144723056835
167,0.2,0.7191422490303241,299.0415773079571,3.7760900008712293,3.7970485377785237
168,0.2,0.7179354169262973,299.0543844923133,3.7754352666305597,3.796387261563474
169,0.2,0.7167285848222716,299.067172860799,3.774785119519087,3.7957306491330813
170,0.2,0.7155217527182463,299.0799422339622,3.7741395636248485,3.7950787047023704
171,0.2,0.7143149206142213,299.09269264414047,3.7734986019866916,3.7944314312333054
172,0.2,0.7131080885101965,299.1054240233723,3.7728622363236366,3.793788830467022
173,0.2,0.7119012564061716,299.11813458581344,3.7722304653700487,3.79315090292315
174,0.2,0.7106944243021477,299.1308275725484,3.7716032919847287,3.792517648080417
175,0.2,0.7094875921981239,299.1435016690874,3.770980713072639,3.7918890641924445
176,0.2,0.7082807600940999,299.15615672922814,3.770362725723636,3.791265148460852
177,0.2,0.7070739279900757,299.168792796545,3.7697493261567065,3.7906458970364962
178,0.2,0.7058670958860513,299.1814098345355,3.769140509492792,3.7900313050490944
179,0.2,0.7046602637820264,299.1940048404235,3.7685362667610987,3.7894213665774346
180,0.2,0.703453431678008,299.2065829580848,3.7679365965830858,3.7888160749152995
181,0.2,0.702246599573988,299.2191426932319,3.767341489591904,3.7882154222688342
182,0.2,0.7010397674699653,299.2316836726784,3.7667509367557295,3.7876193999780807
183,0.2,0.6998329353659418,299.24420576640205,3.7661649284299505,3.787027998515028
184,0.2,0.6986261032619172,299.25670901540235,3.7655834542860256,3.7864412075073304
185,0.2,0.6974192711578926,299.26919152183234,3.7650065011751592,3.7858590157290912
186,0.2,0.6962124390538698,299.2816567607855,3.764434060750271,3.785281411265631
187,0.2,0.6950056069498458,299.2941034795146,3.7638661189119023,3.7847083813351112
188,0.2,0.6937987748458218,299.3065315527763,3.763302662035363,3.7841399124417117
189,0.2,0.6925919427417978,299.3189410031438,3.762743675918609,3.7835759903727926
190,0.2,0.6913851106377731,299.3313318630482,3.7621891456820435,3.783016600222933
191,0.2,0.6901782785337485,299.343700379448,3.761639051828674,3.782461726343762
192,0.2,0.6889714464297174,299.3560528650347,3.7610933847455983,3.7819113526376533
193,0.2,0.6877646143256821,299.3683877930648,3.760552125889468,3.781365462207695
194,0.2,0.6865577822216522,299.3807046680595,3.760015257249383,3.7808240375842104
195,0.2,0.6853509501176249,299.3930033568853,3.7594827606218013,3.780287060720575
196,0.2,0.6841441180135993,299.40528385837933,3.7589546173696853,3.7797545130068193
197,0.2,0.6829372859095746,299.41754430612554,3.758430806380372,3.7792263752558934
198,0.2,0.6817304538055489,299.42978820925265,3.757911311590802,3.7787026278482236
199,0.2,0.6805236217015237,299.4420144098692,3.757396111531976,3.778183250566674
200,0.4,0.8000000000000016,298.15,3.81345747989574,3.8518235799803935
201,0.4,0.7975863357919518,298.1952776657131,3.806792201477325,3.8476458964049107
202,0.4,0.7951726715839023,298.2419702741808,3.8039601319894114,3.845413060368111
203,0.4,0.7927590073758531,298.28900658429023,3.801908124295139,3.8434631064396507
204,0.4,0.7903453431678036,298.3360976347558,3.8001073244778873,3.8416315014271416
205,0.4,0.7879316789597539,298.38316075540376,3.798400457869381,3.8398588122350255
206,0.4,0.7855180147517044,298.430168899813,3.796734181935226,3.8381184027501307
207,0.4,0.7831043505436547,298.47711015718187,3.7950896710981277,3.836398077902816
208,0.4,0.7806906863356046,298.5239797053707,3.793459056601655,3.8346919093847305
209,0.4,0.7782770221275548,298.5707718235443,3.791839740219864,3.8329977130504647
210,0.4,0.7758633579195049,298.61748205236506,3.790230695024889,3.831314568917922
211,0.4,0.7734496937114559,298.66410628632724,3.78863163090545,3.829642211772337
212,0.4,0.771036029503407,298.7106407207197,3.7870427059231724,3.8279807889587265
213,0.4,0.7686223652953572,298.7570799766741,3.785464586778965,3.826330935493077
214,0.4,0.766208701087307,298.8034246614075,3.7838978704131137,3.8246932310370902
215,0.4,0.7637950368792562,298.84967026534497,3.782343130409104,3.8230682486722594
216,0.4,0.7613813726712058,298.8958137865469,3.7808009297803644,3.821456546418159
217,0.4,0.7589677084631546,298.94185336963864,3.779271835821404,3.8198586868437
218,0.4,0.7565540442550985,298.987786780247,3.77775637591618,3.8182751932911425
219,0.4,0.7541403800470494,299.0336094621628,3.77625504498349,3.8167065623014222
220,0.4,0.7517267158389983,299.0793243647287,3.774768317822314,3.815153256080256
221,0.4,0.7493130516309436,299.12492738735324,3.773296626081502,3.8136157091155067
222,0.4,0.7468993874228885,299.1704171816645,3.7718403714839783,3.8120943209062688
223,0.4,0.7444857232148355,299.21579228336117,3.7703999190558255,3.8105894546665864
224,0.4,0.7420720590067852,299.26105228001427,3.7689756040768847,3.809101442769478
225,0.4,0.739658394798736,299.3061930952932,3.7675677181153633,3.807630580274447
226,0.4,0.7372447305906862,299.3512190413958,3.7661765376662277,3.806177131738634
227,0.4,0.7348310663826366,299.39612692373856,3.7648022942308605,3.804741331505201
228,0.4,0.7324174021745868,299.4409162691081,3.76344519529938,3.8033233847812613
229,0.4,0.7300037379665372,299.4855866533484,3.7621054198445787,3.8019234682521974
230,0.4,0.7275900737584873,299.5301377571627,3.7607831198421042,3.800541731562962
231,0.4,0.7251764095504377,299.57456748174747,3.75947841796692,3.799178298656966
232,0.4,0.7227627453423887,299.6188792626197,3.7581914231201523,3.7978332691120325
233,0.4,0.7203490811343405,299.66307146587957,3.756922210871269,3.796506719188491
234,0.4,0.7179354169262911,299.70714432653807,3.7556708385705093,3.795198703273759
235,0.4,0.7155217527182415,299.7510978194448,3.75443734189707,3.7939092550502203
236,0.4,0.7131080885101917,299.79493203005325,3.7532217370893917,3.7926383884818677
237,0.4,0.7106944243021414,299.8386437136358,3.7520240156692037,3.791386098684873
238,0.4,0.7082807600940915,299.88224038924403,3.750844171871335,3.7901523639571515
239,0.4,0.7058670958860416,299.9257195052973,3.7496821637452733,3.788937145461052
240,0.4,0.7034534316779923,299.9690813101051,3.7485379393321945,3.7877403890572716
241,0.4,0.7010397674699428,300.01232697207803,3.7474114339686704,3.7865620261012505
242,0.4,0.6986261032618932,300.055456066162,3.746302565712825,3.7854019741161764
243,0.4,0.6962124390538432,300.0984654983424,3.745211235183687,3.7842601377056115
244,0.4,0.6937987748457931,300.14136378892766,3.7441373527701853,3.7831364100795257
245,0.4,0.691385110637743,300.18414873718484,3.7430807967117823,3.7820306725223047
246,0.4,0.6889714464296932,300.22682095773195,3.742041440261497,3.780942795984224
247,0.4,0.6865577822216462,300.2693810012346,3.741019146581676,3.7798726415648822
248,0.4,0.6841441180136048,300.31182965064977,3.7400137700423364,3.778820061189274
249,0.4,0.6817304538055559,300.3541629283462,3.7390251477191354,3.7777848979965474
250,0.4,0.6793167895975086,300.396391061328,3.7380531348333794,3.7767669877799985
251,0.4,0.6769031253894601,300.43851145205576,3.7370975547053615,3.775766158168818
252,0.4,0.6744894611814114,300.4805258774701,3.7361582322159235,3.774782230070205
253,0.4,0.6720757969733623,300.52243354436615,3.735234980513289,3.7738150176922707
254,0.4,0.6696621327653131,300.56423509988434,3.734327609502261,3.7728643292294644
255,0.4,0.6672484685572644,300.6059282217845,3.733435917978229,3.7719299670111144
256,0.4,0.6648348043492167,300.6475220599146,3.7325597201968357,3.7710117284423066
257,0.4,0.6624211401411679,300.6890146508118,3.731698804232676,3.770109405243374
258,0.4,0.6600074759331193,300.7304087281025,3.730852962318406,3.769222784504974
259,0.4,0.6575938117250704,300.77170279646424,3.730021973820231,3.7683516484075312
260,0.4,0.6551801475170209,300.8128968558971,3.729205616351777,3.767495774667597
261,0.4,0.6527664833089692,300.8539884013498,3.728403658855373,3.76665493650309
262,0.4,0.6503528191009182,300.8949873107377,3.727615888288474,3.765828903194213
263,0.4,0.6479391548928681,300.9358913877266,3.7268420642999036,3.7650174390140974
264,0.4,0.6455254906848175,300.97670370816223,3.72608195210543,3.7642203039669364
265,0.4,0.6431118264767672,301.0174227647962,3.7253353035102914,3.7634372531393914
266,0.4,0.6406981622687175,301.0580485576286,3.7246018681270807,3.7626680367348078
267,0.4,0.6382844980606668,301.0985784194407,3.72388138572037,3.761912399602926
268,0.4,0.6358708338526158,301.1390221496431,3.7231736127957786,3.761170081313339
269,0.4,0.6334571696445656,301.17937747058266,3.7224782768856386,3.7604408146191495
270,0.4,0.6310435054365153,301.219646412809,3.721795106816248,3.759724325511827
271,0.4,0.6286298412284653,301.25982856043487,3.721123818895518,3.7590203320698814
272,0.4,0.6262161770204155,301.2999236449574,3.7204641208512754,3.7583285435948137
273,0.4,0.6238025128123653,301.3399285808054,3.7198157056665506,3.757648659375003
274,0.4,0.6213888486043146,301.3798528397853,3.7191782775579787,3.7569803678270612
275,0.4,0.618975184396264,301.41969376846646,3.7185515051846147,3.756323343936254
276,0.4,0.6165615201882138,301.45945216426253,3.717935049089076,3.7556772480695466
277,0.4,0.6141478559801637,301.4991281608971,3.7173285514141168,3.7550417235944242
278,0.4,0.611734191772114,301.5387215362636,3.716731634035619,3.7544163944008297
279,0.4,0.6093205275640644,301.5782282209169,3.7161438899447283,3.75380086195962
280,0.4,0.6069068633560137,301.6176571687361,3.715564909875757,3.7531947026037944
281,0.4,0.6044931991479637,301.6570046361055,3.714994231554858,3.7525974627325427
282,0.4,0.6020795349399155,301.69627003090005,3.7144313651216136,3.752008655204744
283,0.4,0.5996658707318685,301.7354530028303,3.7138757823523134,3.7514277542678367
284,0.4,0.5972522065238208,301.774553544658,3.713326911271862,3.7508541900027423
285,0.4,0.5948385423157714,301.8135653184837,3.7127841185418635,3.7502873418580327
286,0.4,0.5924248781077212,301.85249650284874,3.712246739157093,3.7497265323520277
287,0.4,0.5900112138996682,301.89134110985754,3.7117140166534037,3.749171017933505
288,0.4,0.5875975496916136,301.9300971702941,3.7111851278643955,3.7486199809704557
289,0.4,0.5851838854835598,301.9687622673017,3.7106591647210347,3.748072519742144
290,0.4,0.5827702212755094,302.0073342016866,3.710135124528192,3.747527637663541
291,0.4,0.5803565570674574,302.0458043174219,3.7096118866448986,3.7469842312500714
292,0.4,0.5779428928594037,302.0841775965631,3.7090882353399994,3.746441078360842
293,0.4,0.5755292286513506,302.1224451704267,3.7085627968757766,3.745896823263878
294,0.4,0.5731155644432933,302.16060136506405,3.708034056499545,3.7453499633670018
295,0.4,0.5707019002352349,302.1986401258617,3.707500337146325,3.7447988344785452
296,0.4,0.5682882360271787,302.23655468596576,3.7069597844097717,3.744241596345123
297,0.4,0.5658745718191234,302.2743308130742,3.706410341038629,3.7436762185058288
298,0.4,0.5634609076110692,302.3119694322205,3.705849774464299,3.7431004694612704
299,0.4,0.561047243403019,302.34945627791325,3.705275613325469,3.7425119051032754
300,0.8,0.8000000000000016,298.15,3.783020461592296,3.8518235799803935
301,0.8,0.7951726715839023,298.3044224333606,3.769593263610729,3.843500055292616
302,0.8,0.7903453431678025,298.4643026277275,3.7641492629554336,3.8390889859689605
303,0.8,0.7855180147517031,298.624999993645,3.7603771490546327,3.8352646960917767
304,0.8,0.7806906863356041,298.78525555193266,3.757149616435415,3.8317010359803474
305,0.8,0.7758633579195032,298.94471773138577,3.754136090282019,3.8282826347117305
306,0.8,0.7710360295034043,299.1032809901682,3.751230210841479,3.8249603227134994
307,0.8,0.7662087010873053,299.26090530694165,3.7483962249921117,3.8217130230183174
308,0.8,0.7613813726712062,299.4175803541904,3.7456225677644865,3.8185326684052887
309,0.8,0.7565540442551066,299.5732943277585,3.7429064547379984,3.815417285471835
310,0.8,0.7517267158390074,299.7280420343344,3.7402480440692014,3.81236711562984
311,0.8,0.7468993874229077,299.8818210700623,3.737648743654845,3.8093834497884065
312,0.8,0.7420720590068078,300.03463141621097,3.735110350975148,3.8064679312819143
313,0.8,0.73724473059071,300.18647023834654,3.7326345802661263,3.803622140410061
314,0.8,0.7324174021746112,300.3373517233207,3.7302229886522524,3.8008474739611953
315,0.8,0.7275900737585119,300.48727681928983,3.7278766667595855,3.7981449250740553
316,0.8,0.7227627453424132,300.63625234373393,3.725596389290082,3.795515159949308
317,0.8,0.7179354169263145,300.7842872900568,3.7233826241854104,3.792958540819959
318,0.8,0.713108088510215,300.9313909136785,3.721235535163589,3.7904751311655964
319,0.8,0.7082807600941166,301.0775680484103,3.7191550172675614,3.788064747311646
320,0.8,0.7034534316780193,301.2228447367263,3.71714077951786,3.7857269630840915
321,0.8,0.6986261032619207,301.3672267749237,3.7151922459102567,3.7834611345562066
322,0.8,0.693798774845819,301.5107262625015,3.713308665432187,3.7812664257004047
323,0.8,0.6889714464297041,301.6533564204948,3.711489116527275,3.77914183013408
324,0.8,0.6841441180135878,301.79512973917036,3.709732521217806,3.777086191795174
325,0.8,0.6793167895974888,301.93605080463783,3.708037645303364,3.775098222181522
326,0.8,0.6744894611813894,302.07615438625385,3.706403223008778,3.7731765187229493
327,0.8,0.6696621327652894,302.2154477316716,3.704827798526839,3.7713195739454424
328,0.8,0.6648348043491888,302.35394447550226,3.703309842368968,3.76952578891643
329,0.8,0.6600074759330882,302.49165966265133,3.7018477421643405,3.767793480305556
330,0.8,0.6551801475169886,302.6286071481092,3.7004397988414044,3.766120884835156
331,0.8,0.6503528191008903,302.76479145897383,3.699084207020347,3.7645061599600527
332,0.8,0.6455254906847914,302.90024881145285,3.697779168409913,3.7629473843379295
333,0.8,0.6406981622686925,303.0349838143902,3.69652269647697,3.7614425434302388
334,0.8,0.6358708338525927,303.1690088364016,3.6953127244063166,3.7599895196377253
335,0.8,0.6310435054364699,303.3023383506871,3.694147064204898,3.7585860693445268
336,0.8,0.6262161770203543,303.43497733153407,3.6930233364781584,3.7572297894872704
337,0.8,0.6213888486042524,303.5669303768594,3.691938962295757,3.755918075080955
338,0.8,0.6165615201881564,303.69822724388683,3.6908911660745827,3.7546480606169004
339,0.8,0.6117341917720718,303.82886648628323,3.6898767363746607,3.753416535108002
340,0.8,0.606906863355976,303.9588516410106,3.6888920304001784,3.752219840859737
341,0.8,0.6020795349398752,304.08818167276934,3.6879328102637396,3.7510537362579166
342,0.8,0.5972522065237698,304.21685651516276,3.6869940713899734,3.749913219437546
343,0.8,0.5924248781076723,304.34485999276944,3.686069793199363,3.7487923081365415
344,0.8,0.5875975496915745,304.47219374340614,3.6851527495751952,3.7476837680711657
345,0.8,0.5827702212754775,304.59882440604997,3.6842340277060663,3.7465787756759346
346,0.8,0.577942892859372,304.72471784366996,3.6833027461722048,3.7454665375018217
347,0.8,0.5731155644432153,304.8498300988714,3.6823456056596213,3.7443338672086868
348,0.8,0.5682882360270496,304.97410178922684,3.6813464579572646,3.7431647675471824
349,0.8,0.563460907610951,305.09744576928205,3.680285940377139,3.7419400953644795
350,0.8,0.5586335791948405,305.21978409537166,3.6791414649494327,3.7406374581938246
351,0.8,0.5538062507787362,305.34099405466037,3.6778873997890864,3.739231532016482
352,0.8,0.5489789223626317,305.4609693671018,3.676496288133162,3.7376951275889967
353,0.8,0.54415159394651,305.5795970246418,3.6749409080114255,3.736001308019211
354,0.8,0.5393242655304207,305.6967786523833,3.6731977760379086,3.7341268431038364
355,0.8,0.5344969371143167,305.8124475397389,3.6712519675057678,3.7320569918805746
356,0.8,0.5296696086982164,305.92666708174477,3.669102955255217,3.72979110530171
357,0.8,0.524842280282118,306.0395518268877,3.666769455620843,3.7273476668226664
358,0.8,0.5200149518660198,306.1513403361467,3.664292269633602,3.7247669573181756
359,0.8,0.5151876234499222,306.2623543839058,3.6617325049052467,3.722109374821415
360,0.8,0.510360295033812,306.3729821202251,3.6591647974276214,3.719448694740426
361,0.8,0.5055329666176829,306.48366959397947,3.6566666646667474,3.71686145351773
362,0.8,0.5007056382015583,306.5947496281426,3.654306822878401,3.714415614191446
363,0.8,0.4958783097854501,306.7064683797225,3.652136117921161,3.7121615277138957
364,0.8,0.49105098136935366,306.8189960127476,3.6501836825931817,3.710127998580977
365,0.8,0.48622365295325887,306.93237248564594,3.648457604748696,3.70832309205418
366,0.8,0.48139632453716275,307.04656821409276,3.6469492756392836,3.706738348507638
367,0.8,0.4765689961210705,307.1615212134123,3.6456390576254516,3.7053543633825052
368,0.8,0.47174166770498105,307.27707047482096,3.64450141502083,3.7041460690263137
369,0.8,0.4669143392889087,307.3931040031813,3.6435093974464716,3.703086876263587
370,0.8,0.4620870108728189,307.50950595657304,3.642637245583059,3.702151398102992
371,0.8,0.4572596824567212,307.6261849159471,3.6418619726334107,3.701316968063275
372,0.8,0.45243235404061,307.74305729061666,3.6411639541562555,3.70056426844522
373,0.8,0.44760502562451365,307.86005128081166,3.6405269989175926,3.699877394778788
374,0.8,0.4427776972084191,307.97710473718496,3.639938112683042,3.6992436123567365
375,0.8,0.437950368792325,308.09419117323785,3.6393871411322856,3.6986529623371873
376,0.8,0.4331230403762324,308.2112864068319,3.6388662887024608,3.698097840370008
377,0.8,0.42829571196013577,308.32838082500774,3.6383697375879986,3.6975725934163135
378,0.8,0.4234683835440398,308.4454676686661,3.637893262187143,3.6970731620710104
379,0.8,0.41864105512794036,308.56254402153587,3.6374338953705014,3.6965967710690006
380,0.8,0.4138137267118364,308.67962393101493,3.6369898210889677,3.696141701911141
381,0.8,0.40898639829573247,308.79671938804165,3.6365599922283054,3.6957070582219176
382,0.8,0.4041590698796054,308.9138447184978,3.636144006916743,3.695292599901998
383,0.8,0.39933174146346795,309.03101970615586,3.6357419667959077,3.694898596352692
384,0.8,0.3945044130473495,309.1482480229583,3.6353543383503713,3.694525701956102
385,0.8,0.3896770846312502,309.2655693098502,3.634981860286669,3.6941748217643533
386,0.8,0.3848497562151733,309.3829904115491,3.6346253916237474,3.693847009951128
387,0.8,0.3800224277991002,309.5005414921569,3.6342857985910384,3.6935433346940645
388,0.8,0.3751950993830245,309.61824598942667,3.633963826595216,3.6932647580282043
389,0.8,0.370367770966944,309.7361274492274,3.6336599573564254,3.693011995835853
390,0.8,0.3655404425508516,309.8542058144888,3.63337424795166,3.692785367525883
391,0.8,0.36071311413475515,309.9725095316421,3.6331061911687152,3.6925846328446124
392,0.8,0.3558857857186628,310.09103730088674,3.6328544655390553,3.692408816754754
393,0.8,0.3510584573025703,310.20981178816703,3.632616842835604,3.6922560218885336
394,0.8,0.3462311288864736,310.3288429047673,3.6323899318232375,3.692123235254095
395,0.8,0.341403800470375,310.44813580879287,3.6321689865397646,3.6920061293850335
396,0.8,0.33657647205427554,310.56769229263404,3.6319477082140796,3.69189886341286
397,0.8,0.33174914363817376,310.6875209833792,3.631718067384625,3.6917938866566415
398,0.8,0.32692181522207003,310.807593000292,3.631470015146924,3.691681745325587
399,0.8,0.32209448680597463,310.9279063028734,3.631191416358309,3.691550889224513
400,1.0,0.8000000000000016,298.15,3.7704809812264073,3.8518235799803935
401,1.0,0.7939658394798775,298.37614650472466,3.7537814425067966,3.8414423776301008
402,1.0,0.7879316789597538,298.610487170052,3.7471620361069053,3.8359744705966587
403,1.0,0.78189751843963,298.84563376099254,3.7426816584618483,3.8312592887333072
404,1.0,0.775863357919506,299.07958483883573,3.7389058783779374,3.826891474674734
405,1.0,0.7698291973993824,299.31179726955975,3.7354165613780492,3.822728885605131
406,1.0,0.7637950368792591,299.5421196659341,3.7320799223825976,3.818711764532606
407,1.0,0.7577608763591354,299.7705109902289,3.728854268818552,3.8148155899193927
408,1.0,0.7517267158390114,299.9969724058769,3.7257263416008364,3.8110314206238485
409,1.0,0.745692555318887,300.2215051207715,3.7226933140444873,3.8073572244796328
410,1.0,0.7396583947987624,300.44412087470994,3.7197553684624793,3.8037931195512633
411,1.0,0.7336242342786371,300.66483616923637,3.716914082841064,3.800340316340227
412,1.0,0.7275900737585117,300.8836711639474,3.7141711024254294,3.7970000673578186
413,1.0,0.721555913238388,301.100643675638,3.7115276170303804,3.7937732288366037
414,1.0,0.715521752718264,301.31579323217755,3.7089842290006065,3.7906600463037825
415,1.0,0.7094875921981401,301.52914287420276,3.7065408578369325,3.787660161267892
416,1.0,0.7034534316780148,301.740721042515,3.704196890915704,3.784772688440717
417,1.0,0.6974192711578876,301.9505588422028,3.701951222611114,3.7819962556385076
418,1.0,0.6913851106377619,302.158690236512,3.6998023151524917,3.7793290646026034
419,1.0,0.6853509501176391,302.3651425471443,3.6977482263486188,3.7767689485250373
420,1.0,0.6793167895975143,302.5699690371961,3.695786768333895,3.7743134291105416
421,1.0,0.673282629077386,302.7731959591531,3.693915373462837,3.771959746012289
422,1.0,0.6672484685572578,302.9748598424012,3.692131260062927,3.7697048984221366
423,1.0,0.6612143080371329,303.17499201902166,3.6904314005662675,3.7675456694419394
424,1.0,0.6551801475170086,303.3736259236571,3.688812567886914,3.765478640772287
425,1.0,0.6491459869968834,303.5707876820447,3.6872713047661856,3.763500192571864
426,1.0,0.6431118264767568,303.766537077709,3.6858040320970353,3.761606491708582
427,1.0,0.6370776659566145,303.96089321240385,3.6844067737592843,3.759793445371997
428,1.0,0.6310435054364669,304.15388436266335,3.6830752608131956,3.758056641031088
429,1.0,0.625009344916327,304.3455380660321,3.6818047907929756,3.756391241082836
430,1.0,0.6189751843961968,304.5358750446013,3.6805900512534215,3.754791827471053
431,1.0,0.612941023876073,304.7249060584134,3.6794248991200798,3.753252180029262
432,1.0,0.6069068633559491,304.91266867551116,3.6783021492889882,3.7517649667982247
433,1.0,0.6008727028358275,305.0991534937677,3.6772129192734266,3.7503213046349724
434,1.0,0.5948385423157047,305.28434712834917,3.6761461858993068,3.748910181001879
435,1.0,0.5888043817955809,305.46823548530926,3.675088015354163,3.747517685080085
436,1.0,0.5827702212754793,305.65077070243655,3.674020527845214,3.7461260391249533
437,1.0,0.5767360607553551,305.83187359435266,3.6729207151121086,3.744712435802164
438,1.0,0.5707019002352348,306.0114557512441,3.6717592902584895,3.7432478091078973
439,1.0,0.5646677397150879,306.18936070145685,3.670499456778055,3.741695776157284
440,1.0,0.5586335791948821,306.3654167721203,3.6690967815931086,3.740012352976362
441,1.0,0.5525994186747055,306.53940896045196,3.6675005247320143,3.738147363563268
442,1.0,0.5465652581545732,306.711117516461,3.6656582086653753,3.7360489114287128
443,1.0,0.5405310976344493,306.88034310022994,3.663524569434708,3.7336722694772155
444,1.0,0.5344969371143262,307.0470630201155,3.6610756591856615,3.730993575789899
445,1.0,0.5284627765941793,307.21140687905967,3.6583247788001976,3.7280258459322058
446,1.0,0.522428616073955,307.3737614819701,3.6553349192688525,3.724831138571457
447,1.0,0.5163944555537996,307.5347287104569,3.6522183186577672,3.721520225796499
448,1.0,0.5103602950336716,307.6950981375525,3.6491185286803627,3.71823472458221
449,1.0,0.5043261345135313,307.8556461440517,3.6461787886857833,3.715115990009595
450,1.0,0.4982919739933785,308.01694280654334,3.643510671766049,3.7122742285806254
451,1.0,0.4922578134732484,308.1793185904884,3.6411762158442222,3.70977077178644
452,1.0,0.48622365295312814,308.3428432849866,3.639188059859151,3.7076182179493973
453,1.0,0.48018949243301207,308.5074182168618,3.6375220337985508,3.7057928069095256
454,1.0,0.47415533191301934,308.6728491206816,3.636133503557576,3.704250576852272
455,1.0,0.4681211713928938,308.8389188163742,3.6349712130274994,3.7029410233186133
456,1.0,0.4620870108727734,309.005348348727,3.633986068149732,3.7018159469057768
457,1.0,0.45605285035265375,309.17197732425836,3.633135932598914,3.7008338478417397
458,1.0,0.4500186898324962,309.3386784643434,3.632386832287331,3.6999612986567256
459,1.0,0.4439845293123203,309.50535355935034,3.6317125966348005,3.699172616089607
460,1.0,0.43795036879220883,309.6719296217479,3.631093795957177,3.6984488094246624
461,1.0,0.4319162082720772,309.83834248460784,3.6305164277749014,3.697776337823274
462,1.0,0.42588204775191785,310.00461706888103,3.6299711305470046,3.697145997071993
463,1.0,0.4198478872317549,310.1707525334664,3.6294516464624538,3.696551888783981
464,1.0,0.4138137267116119,310.3367728895293,3.6289543583794233,3.6959906760157777
465,1.0,0.4077795661914816,310.50269235138234,3.6284775433005687,3.695460959246406
466,1.0,0.40174540567135436,310.6685442892824,3.6280209400848697,3.6949627798885083
467,1.0,0.39571124515123257,310.8343529945261,3.6275852103449258,3.6944971984455557
468,1.0,0.3896770846311085,311.00020143479856,3.627171897232168,3.6940659562311247
469,1.0,0.383642924110995,311.1661089544586,3.6267826760078483,3.6936710994604502
470,1.0,0.37760876359088763,311.33213006864634,3.6264190169449293,3.6933145921020216
471,1.0,0.3715746030707729,311.4983053166922,3.626081990501782,3.6929979584057215
472,1.0,0.3655404425506553,311.6646850214706,3.6257717277385164,3.6927218293513957
473,1.0,0.3595062820305313,311.8313376386171,3.625486971813896,3.692485459078953
474,1.0,0.3534721215104012,311.99825063354797,3.62522435373927,3.6922861937500127
475,1.0,0.34743796099025287,312.1654592620456,3.624978001331526,3.692118896980328
476,1.0,0.34140380047011487,312.33298301976515,3.6247388940855263,3.691975363442239
477,1.0,0.3353696399499848,312.5008249671265,3.6244942282229378,3.6918437206490635
478,1.0,0.3293354794298584,312.66898012663705,3.6242268311407333,3.6917078393467007
479,1.0,0.32330131890973024,312.83746761523645,3.6239146351543554,3.691546749672763
480,1.0,0.31726715838957176,313.0062123793596,3.6235298320147944,3.6913340342342615
481,1.0,0.31123299786943004,313.175216410192,3.623038455181774,3.6910371210442445
482,1.0,0.3051988373493109,313.34448462956715,3.622399325122916,3.6906163353614083
483,1.0,0.29916467682920295,313.51404507380204,3.621562621717479,3.6900234726155774
484,1.0,0.2931305163090807,313.6839406944965,3.620467570547136,3.6891995287327934
485,1.0,0.2870963557889567,313.8543431276752,3.619039038892598,3.688071061782252
486,1.0,0.2810621952687837,314.0254353576783,3.617181522125656,3.6865444487743586
487,1.0,0.27502803474855264,314.1976225642471,3.6147705952080744,3.6844969489236346
488,1.0,0.2689938742282703,314.3714971442671,3.611639344574327,3.681763194736184
489,1.0,0.26295971370808247,314.5478863292768,3.6075582342167354,3.6781150271606378
490,1.0,0.25692555318796034,314.72810149710784,3.60220611279978,3.6732319639546014
491,1.0,0.25089139266783594,314.91404889874804,3.5951276402611314,3.6666584381994536
492,1.0,0.2448572321477072,315.1083919001756,3.585672516686434,3.657742724995285
493,1.0,0.23882307162758162,315.3150338291009,3.5729106676706337,3.645551078467593
494,1.0,0.23278891110758876,315.5395046923377,3.5555145268621238,3.6287492151820837
495,1.0,0.22675475058840183,315.7894735622032,3.5316010466649965,3.6054432695389598
496,1.0,0.22072059006889533,316.07579931118204,3.498530048127077,3.572975850913241
497,1.0,0.21468642954877554,316.41347039438443,3.4526630038056934,3.527682904454675
498,1.0,0.20865226902862802,316.8225190159692,3.389112838588947,3.46464186392739
499,1.0,0.20261810850832454,317.3290797499479,3.3015641040001924,3.3774901736261276
500,2.0,0.8000000000000016,298.15,3.722850291330818,3.8518235799803935
501,2.0,0.7879316789597535,298.85552773799697,3.691007446673062,3.831384105297719
502,2.0,0.7758633579195067,299.58620406559197,3.679872178025768,3.8210819409932446
503,2.0,0.7637950368792604,300.3112030319297,3.673435241691822,3.812557145704496
504,2.0,0.7517267158390141,301.02252801426755,3.668600966701759,3.8049867018640042
505,2.0,0.7396583947987623,301.7186096266189,3.6644743968211837,3.7980798467434864
506,2.0,0.7275900737585129,302.3995742022545,3.6607857451881123,3.7917116259406276
507,2.0,0.7155217527182641,303.0659556874475,3.657447644234654,3.785822164115485
508,2.0,0.7034534316780153,303.7183973552532,3.654427521400063,3.780377819289176
509,2.0,0.6913851106377731,304.357503893241,3.651706985678632,3.7753537072405257
510,2.0,0.679316789597524,304.9838987273739,3.6492697769330955,3.7707263201664727
511,2.0,0.667248468557276,305.5981749866611,3.6470982193581194,3.7664713218013235
512,2.0,0.6551801475170298,306.20089623291847,3.645171480816665,3.7625619599567894
513,2.0,0.6431118264767877,306.7925808133879,3.6434645643993693,3.758968030269182
514,2.0,0.631043505436576,307.3737360847357,3.641946401529531,3.7556537730573325
515,2.0,0.6189751843963363,307.9447330009974,3.6405752887829674,3.752573719707684
516,2.0,0.6069068633560789,308.50582426187685,3.639291009444861,3.749664615524476
517,2.0,0.5948385423157411,309.0570830179482,3.6380001119719374,3.7468308008957454
518,2.0,0.582770221275319,309.59827821070553,3.6365519667363286,3.7439207286222196
519,2.0,0.5707019002350762,310.1286619110135,3.6347092030166177,3.740698009425791
520,2.0,0.5586335791948294,310.6469786360384,3.63213950902293,3.7368331182426804
521,2.0,0.5465652581545253,311.152126662982,3.6285053134918366,3.7319909561293274
522,2.0,0.5344969371141314,311.6443570530689,3.6237393024102342,3.72610262837095
523,2.0,0.5224286160738795,312.12720888444983,3.618365545794112,3.7196806244788894
524,2.0,0.5103602950336319,312.6063218025602,3.613353225125087,3.713676162830996
525,2.0,0.49829197399335456,313.0859729054837,3.609441666306032,3.7088151057688177
526,2.0,0.48622365295307113,313.56681029307214,3.6067490236007966,3.705213945607501
527,2.0,0.4741553319126709,314.0476149492964,3.604992386204356,3.7025946139535044
528,2.0,0.4620870108724012,314.5269341580969,3.6038256581548977,3.7006168684731735
529,2.0,0.4500186898321782,315.0037219707199,3.602991100671542,3.6990277973860866
530,2.0,0.4379503687919466,315.4775172610419,3.6023336931671417,3.6976756116177705
531,2.0,0.4258820477516986,315.94825445469263,3.6017729573262613,3.6964821306702382
532,2.0,0.41381372671143024,316.416216553548,3.6012754901512722,3.6954155581223334
533,2.0,0.4017454056711486,316.88172997811154,3.600834996075919,3.694471571026475
534,2.0,0.3896770846308244,317.3452375511741,3.6004596743336497,3.69366052145367
535,2.0,0.37760876359050105,317.80719630747507,3.600161203981953,3.6929968727393527
536,2.0,0.36554044255018536,318.26804036693795,3.599943316400462,3.692487981099037
537,2.0,0.35347212150993873,318.7281527653402,3.5997879542666222,3.6921205110510282
538,2.0,0.34140380046969054,319.1878493864144,3.599638978904633,3.691844206399558
539,2.0,0.3293354794294421,319.6471938015969,3.599383032267489,3.6915539268018684
540,2.0,0.3172671583891941,320.1061905796589,3.5988311849314982,3.6910706669734483
541,2.0,0.30519883734894604,320.564888156195,3.5976950220410076,3.690118042532618
542,2.0,0.29313051630868764,321.0237489810585,3.59554403350595,3.688279193707217
543,2.0,0.2810621952685063,321.4843536674147,3.5917050891787126,3.6848952931123375
544,2.0,0.26899387422830773,321.95055545520626,3.585022294600021,3.678823450193564
545,2.0,0.2569255531880676,322.4312020483913,3.5733179485863618,3.667892162263279
546,2.0,0.24485723214782187,322.9444266716663,3.552247650338204,3.647747434515262
547,2.0,0.2327889111075812,323.52742160701195,3.513016331718744,3.6095465994431595
548,2.0,0.22072059006733763,324.25327236737917,3.4381975320037697,3.5357391450294156
549,2.0,0.20865226902709127,325.25841701817774,3.295464626274753,3.3937371681793422
550,2.0,0.19927173119133093,326.37325778950094,3.105000668284118,3.203372671350118
551,4.0,0.8000000000000016,298.15,3.6585244380565665,3.8518235799803935
552,4.0,0.7758633579195053,300.2418412899404,3.6019063757099343,3.812862290443044
553,4.0,0.7517267158390104,302.37886505187566,3.5889835088357116,3.795809958215572
554,4.0,0.7275900737585149,304.43008966052344,3.5864874030499796,3.7832128099807023
555,4.0,0.70345343167802,306.37136104208355,3.5866941289597984,3.7731145030114623
556,4.0,0.6793167895975272,308.2090805761439,3.5875768697221346,3.7647398082429198
557,4.0,0.655180147517032,309.95464467400376,3.58864664129126,3.757661981271659
558,4.0,0.6310435054365411,311.6181555859488,3.5896885443719517,3.7515157414673004
559,4.0,0.6069068633560425,313.2065227829291,3.590293313741829,3.745752474442069
560,4.0,0.5827702212758017,314.7217014498255,3.5894188032983325,3.7392362488847657
561,4.0,0.558633579195362,316.16079910079515,3.585240137264008,3.730089912255999
562,4.0,0.5344969371146743,317.5329457500769,3.577850760019123,3.718327127232079
563,4.0,0.5103602950343462,318.87207706758346,3.571931107456427,3.7084694274375294
564,4.0,0.48622365295385495,320.1941855633861,3.569691392845003,3.702646237012551
565,4.0,0.46208701087345816,321.49301002328457,3.5694329269467753,3.699175406149362
566,4.0,0.43795036879298477,322.7647143775862,3.5697539504767137,3.6966714081239034
567,4.0,0.4138137267124948,324.0110502093418,3.5701887879079717,3.694671254865122
568,4.0,0.38967708463198497,325.2362532024607,3.5707117208047476,3.6931522346755252
569,4.0,0.36554044255148144,326.44512711341514,3.571384819242182,3.6921897904263554
570,4.0,0.3414038004709865,327.6418031481836,3.5720095925403785,3.691617359635866
571,4.0,0.31726715839059344,328.82853659325093,3.571624199985827,3.6905342935003875
572,4.0,0.293130516310183,330.0087445648963,3.567686588784936,3.6864918403498033
573,4.0,0.2689938742297439,331.20339360707004,3.5533739567122105,3.672767213375863
574,4.0,0.24485723214969493,332.5114172435393,3.504857808211778,3.6255115780348914
575,4.0,0.22072059006968184,334.3282712169694,3.330249187343151,3.4521789675573866
576,4.0,0.20809796824512716,335.8499885134171,3.1050061042659847,3.2268539616300638
577,6.0,0.8000000000000016,298.15,3.6090568349795857,3.8518235799803935
578,6.0,0.7637950368792572,302.0517508974432,3.53413015589719,3.7970130734902776
579,6.0,0.7275900737585141,305.9455683537614,3.529251468641429,3.7768925175352717
580,6.0,0.6913851106377699,309.51520172416457,3.5386337637238743,3.7635864144641302
581,6.0,0.6551801475170259,312.75422882714633,3.5479927670814595,3.7536041405942964
582,6.0,0.6189751843962819,315.71835578335254,3.5546466807224038,3.7448881259101228
583,6.0,0.5827702212755376,318.4423070977188,3.5561075386205694,3.7340391808378897
584,6.0,0.5465652581547877,320.9540274325603,3.5501842159646757,3.718145084114785
585,6.0,0.5103602950341188,323.344929167503,3.5459844743142765,3.7055821654765713
586,6.0,0.4741553319133639,325.65518096938285,3.5470804420892015,3.699565712815025
587,6.0,0.43795036879255694,327.87749109517654,3.5494078766405526,3.695982717362813
588,6.0,0.40174540567178124,330.0221638359914,3.551614095063801,3.6934257135332826
589,6.0,0.36554044255067786,332.10816556538816,3.553799491667628,3.6919746880972877
590,6.0,0.32933547942988484,334.1522166215579,3.555159454670662,3.6909049323370557
591,6.0,0.29313051630905396,336.1698793140538,3.54973287365175,3.68448883537558
592,6.0,0.2569255531884186,338.2719459910939,3.5068246822015645,3.642269590060364
593,6.0,0.22072059006791758,341.37732881873285,3.215423575173726,3.351816700131345
594,6.0,0.21525729544116043,342.1366051591395,3.1050043635680886,3.241137025091365
595,8.0,0.8000000000000016,298.15,3.566402727713907,3.8518235799803935
596,8.0,0.751726715839009,304.206614806253,3.478216125839076,3.783913528524874
597,8.0,0.7034534316780168,310.0605374524314,3.4911899744483157,3.7631724191389644
598,8.0,0.6551801475170234,315.1255472448635,3.5148508961143765,3.750127791512063
599,8.0,0.606906863356031,319.52599544670363,3.528419560550923,3.737611208621687
600,8.0,0.558633579195039,323.4116014062969,3.527940803710494,3.7185664556748335
601,8.0,0.5103602950340491,326.9936591005084,3.5272758600462097,3.7037446648624663
602,8.0,0.4620870108730569,330.37238628820995,3.5321881117152634,3.697520730390605
603,8.0,0.4138137267120607,333.5638471550727,3.5369833519579603,3.6937882854645414
604,8.0,0.36554044255107226,336.6156254359705,3.5411400818878422,3.691793242530773
605,8.0,0.3172671583900675,339.5750178305791,3.5422810593864145,3.689263836908834
606,8.0,0.2689938742291727,342.5487669282619,3.510128544369381,3.6564382119863876
607,8.0,0.2215051728122643,346.9802639613008,3.105029657681863,3.251498648334224
608,10.0,0.8000000000000016,298.15,3.527891668714232,3.8518235799803935
609,10.0,0.7396583947987608,306.67725658594037,3.429352478138485,3.7732845047778296
610,10.0,0.6793167895975217,314.5674366417484,3.470250247033407,3.7529582234149106
611,10.0,0.6189751843962777,320.95182739737805,3.502478146787828,3.737493725585887
612,10.0,0.5586335791950361,326.3017579930552,3.5088240398553996,3.714804349533014
613,10.0,0.49829197399378644,331.103312409343,3.514711296180996,3.7007485748966342
614,10.0,0.4379503687925361,335.5257856007727,3.5233911009929066,3.6950552879609173
615,10.0,0.3776087635913099,339.655741073035,3.5302086638289416,3.691944580816166
616,10.0,0.31726715839012254,343.6030737827754,3.532403857052672,3.6884477556372572
617,10.0,0.2569255531889368,347.7124617595193,3.4471195670092256,3.602297890665374
618,10.0,0.2271298796606917,351.00054360799083,3.105019250714361,3.25954368179625
